-- --------------------------------------------------------
-- Servidor:                     127.0.0.1
-- Versão do servidor:           5.7.21-log - MySQL Community Server (GPL)
-- OS do Servidor:               Win64
-- HeidiSQL Versão:              9.5.0.5196
-- --------------------------------------------------------

/*!40101 SET @OLD_CHARACTER_SET_CLIENT=@@CHARACTER_SET_CLIENT */;
/*!40101 SET NAMES utf8 */;
/*!50503 SET NAMES utf8mb4 */;
/*!40014 SET @OLD_FOREIGN_KEY_CHECKS=@@FOREIGN_KEY_CHECKS, FOREIGN_KEY_CHECKS=0 */;
/*!40101 SET @OLD_SQL_MODE=@@SQL_MODE, SQL_MODE='NO_AUTO_VALUE_ON_ZERO' */;


-- Copiando estrutura do banco de dados para lbtar2
CREATE DATABASE IF NOT EXISTS `lbtar2` /*!40100 DEFAULT CHARACTER SET utf8 COLLATE utf8_bin */;
USE `lbtar2`;

-- Copiando estrutura para tabela lbtar2.agencias
CREATE TABLE IF NOT EXISTS `agencias` (
  `fkbanco` char(3) COLLATE utf8_bin NOT NULL,
  `pkagencia` char(4) COLLATE utf8_bin NOT NULL,
  `txnomeagencia` varchar(250) COLLATE utf8_bin NOT NULL,
  `fklogradouro` smallint(6) unsigned DEFAULT NULL,
  `txcomplemento` varchar(80) COLLATE utf8_bin DEFAULT NULL,
  `nucep` char(8) COLLATE utf8_bin DEFAULT NULL,
  `dtcriacao` date DEFAULT NULL,
  `dtcadagencia` date NOT NULL,
  PRIMARY KEY (`pkagencia`,`fkbanco`),
  KEY `ifkbanco` (`fkbanco`),
  KEY `ifklogradouro` (`fklogradouro`),
  CONSTRAINT `fkagenciabanco` FOREIGN KEY (`fkbanco`) REFERENCES `bancos` (`pkbanco`),
  CONSTRAINT `fkagencialogradouro` FOREIGN KEY (`fklogradouro`) REFERENCES `logradouros` (`pklogradouro`)
) ENGINE=InnoDB DEFAULT CHARSET=utf8 COLLATE=utf8_bin;

-- Copiando dados para a tabela lbtar2.agencias: ~58 rows (aproximadamente)
/*!40000 ALTER TABLE `agencias` DISABLE KEYS */;
INSERT INTO `agencias` (`fkbanco`, `pkagencia`, `txnomeagencia`, `fklogradouro`, `txcomplemento`, `nucep`, `dtcriacao`, `dtcadagencia`) VALUES
	('001', '0001', 'SEDE', 50, '100', '12345678', '2018-02-06', '2018-02-06'),
	('002', '0001', 'SEDE', 50, '100', '12345678', '2018-02-06', '2018-02-06'),
	('003', '0001', 'SEDE', 50, '100', '12345678', '2018-02-06', '2018-02-06'),
	('004', '0001', 'SEDE', 50, '100', '12345678', '2018-02-06', '2018-02-06'),
	('007', '0001', 'SEDE', 50, '100', '12345678', '2018-02-06', '2018-02-06'),
	('021', '0001', 'SEDE', 50, '100', '12345678', '2018-02-06', '2018-02-06'),
	('023', '0001', 'SEDE', 50, '100', '12345678', '2018-02-06', '2018-02-06'),
	('025', '0001', 'SEDE', 50, '100', '12345678', '2018-02-06', '2018-02-06'),
	('033', '0001', 'SEDE', 50, '100', '12345678', '2018-02-06', '2018-02-06'),
	('037', '0001', 'SEDE', 50, '100', '12345678', '2018-02-06', '2018-02-06'),
	('041', '0001', 'SEDE', 50, '100', '12345678', '2018-02-06', '2018-02-06'),
	('046', '0001', 'SEDE', 50, '100', '12345678', '2018-02-06', '2018-02-06'),
	('047', '0001', 'SEDE', 50, '100', '12345678', '2018-02-06', '2018-02-06'),
	('070', '0001', 'SEDE', 50, '100', '12345678', '2018-02-06', '2018-02-06'),
	('075', '0001', 'SEDE', 50, '100', '12345678', '2018-02-06', '2018-02-06'),
	('077', '0001', 'SEDE', 50, '100', '12345678', '2018-02-06', '2018-02-06'),
	('082', '0001', 'SEDE', 50, '100', '12345678', '2018-02-06', '2018-02-06'),
	('102', '0001', 'SEDE', 50, '100', '12345678', '2018-02-06', '2018-02-06'),
	('104', '0001', 'SEDE', 50, '100', '12345678', '2018-02-06', '2018-02-06'),
	('107', '0001', 'SEDE', 50, '100', '12345678', '2018-02-06', '2018-02-06'),
	('121', '0001', 'SEDE', 50, '100', '12345678', '2018-02-06', '2018-02-06'),
	('184', '0001', 'SEDE', 50, '100', '12345678', '2018-02-06', '2018-02-06'),
	('208', '0001', 'SEDE', 50, '100', '12345678', '2018-02-06', '2018-02-06'),
	('212', '0001', 'SEDE', 50, '100', '12345678', '2018-02-06', '2018-02-06'),
	('218', '0001', 'SEDE', 50, '100', '12345678', '2018-02-06', '2018-02-06'),
	('224', '0001', 'SEDE', 50, '100', '12345678', '2018-02-06', '2018-02-06'),
	('237', '0001', 'SEDE', 50, '100', '12345678', '2018-02-06', '2018-02-06'),
	('260', '0001', 'SEDE', 50, '100', '12345678', '2018-02-06', '2018-02-06'),
	('263', '0001', 'SEDE', 50, '100', '12345678', '2018-02-06', '2018-02-06'),
	('265', '0001', 'SEDE', 50, '100', '12345678', '2018-02-06', '2018-02-06'),
	('318', '0001', 'SEDE', 50, '100', '12345678', '2018-02-06', '2018-02-06'),
	('320', '0001', 'SEDE', 50, '100', '12345678', '2018-02-06', '2018-02-06'),
	('341', '0001', 'SEDE', 50, '100', '12345678', '2018-02-06', '2018-02-06'),
	('389', '0001', 'SEDE', 50, '100', '12345678', '2018-02-06', '2018-02-06'),
	('422', '0001', 'SEDE', 50, '100', '12345678', '2018-02-06', '2018-02-06'),
	('473', '0001', 'SEDE', 50, '100', '12345678', '2018-02-06', '2018-02-06'),
	('479', '0001', 'SEDE', 50, '100', '12345678', '2018-02-06', '2018-02-06'),
	('505', '0001', 'SEDE', 50, '100', '12345678', '2018-02-06', '2018-02-06'),
	('604', '0001', 'SEDE', 50, '100', '12345678', '2018-02-06', '2018-02-06'),
	('611', '0001', 'SEDE', 50, '100', '12345678', '2018-02-06', '2018-02-06'),
	('612', '0001', 'SEDE', 50, '100', '12345678', '2018-02-06', '2018-02-06'),
	('623', '0001', 'SEDE', 50, '100', '12345678', '2018-02-06', '2018-02-06'),
	('637', '0001', 'SEDE', 50, '100', '12345678', '2018-02-06', '2018-02-06'),
	('643', '0001', 'SEDE', 50, '100', '12345678', '2018-02-06', '2018-02-06'),
	('653', '0001', 'SEDE', 50, '100', '12345678', '2018-02-06', '2018-02-06'),
	('654', '0001', 'SEDE', 50, '100', '12345678', '2018-02-06', '2018-02-06'),
	('655', '0001', 'SEDE', 50, '100', '12345678', '2018-02-06', '2018-02-06'),
	('707', '0001', 'SEDE', 50, '100', '12345678', '2018-02-06', '2018-02-06'),
	('719', '0001', 'SEDE', 50, '100', '12345678', '2018-02-06', '2018-02-06'),
	('721', '0001', 'SEDE', 50, '100', '12345678', '2018-02-06', '2018-02-06'),
	('735', '0001', 'SEDE', 50, '100', '12345678', '2018-02-06', '2018-02-06'),
	('738', '0001', 'SEDE', 50, '100', '12345678', '2018-02-06', '2018-02-06'),
	('741', '0001', 'SEDE', 50, '100', '12345678', '2018-02-06', '2018-02-06'),
	('745', '0001', 'SEDE', 50, '100', '12345678', '2018-02-06', '2018-02-06'),
	('746', '0001', 'SEDE', 50, '100', '12345678', '2018-02-06', '2018-02-06'),
	('748', '0001', 'SEDE', 50, '100', '12345678', '2018-02-06', '2018-02-06'),
	('756', '0001', 'SEDE', 50, '100', '12345678', '2018-02-06', '2018-02-06'),
	('M09', '0001', 'SEDE', 50, '100', '12345678', '2018-02-06', '2018-02-06');
/*!40000 ALTER TABLE `agencias` ENABLE KEYS */;

-- Copiando estrutura para tabela lbtar2.agenciastels
CREATE TABLE IF NOT EXISTS `agenciastels` (
  `pkagenciatel` smallint(5) unsigned NOT NULL,
  `fkbanco` char(3) COLLATE utf8_bin NOT NULL,
  `fkagencia` char(4) COLLATE utf8_bin NOT NULL,
  `fktipotelefone` smallint(5) unsigned DEFAULT NULL,
  `nutelefone` char(15) COLLATE utf8_bin NOT NULL,
  `dtcadagenciatel` date NOT NULL,
  PRIMARY KEY (`pkagenciatel`),
  KEY `ifktipotelefone` (`fktipotelefone`),
  KEY `ifkagencia` (`fkagencia`),
  KEY `ifkbanco` (`fkbanco`),
  KEY `fkagenciasagenciastels` (`fkbanco`,`fkagencia`),
  CONSTRAINT `fkagenciasagenciastels` FOREIGN KEY (`fkbanco`, `fkagencia`) REFERENCES `agencias` (`fkbanco`, `pkagencia`) ON DELETE CASCADE ON UPDATE CASCADE,
  CONSTRAINT `fktelefonestiposagenciastels` FOREIGN KEY (`fktipotelefone`) REFERENCES `telefonestipos` (`pktipotelefone`) ON DELETE CASCADE ON UPDATE CASCADE
) ENGINE=InnoDB DEFAULT CHARSET=utf8 COLLATE=utf8_bin;

-- Copiando dados para a tabela lbtar2.agenciastels: ~0 rows (aproximadamente)
/*!40000 ALTER TABLE `agenciastels` DISABLE KEYS */;
/*!40000 ALTER TABLE `agenciastels` ENABLE KEYS */;

-- Copiando estrutura para tabela lbtar2.aplicacoesdascontas
CREATE TABLE IF NOT EXISTS `aplicacoesdascontas` (
  `pkaplicacaodaconta` smallint(6) unsigned NOT NULL,
  `fkbanco` char(3) COLLATE utf8_bin NOT NULL,
  `fkagencia` char(4) COLLATE utf8_bin NOT NULL,
  `fknuconta` char(7) COLLATE utf8_bin NOT NULL,
  `fkaplicacaofinanceira` smallint(6) unsigned NOT NULL,
  `vlsaldo` decimal(12,2) DEFAULT NULL,
  `dtcadapliccontas` date DEFAULT NULL,
  PRIMARY KEY (`pkaplicacaodaconta`),
  KEY `ifkbanco` (`fkbanco`),
  KEY `ifknuconta` (`fknuconta`),
  KEY `ifkagencia` (`fkagencia`),
  KEY `ifkaplicacaofinanceira` (`fkaplicacaofinanceira`),
  KEY `fkaplicacoesdascontasagencia` (`fkbanco`,`fkagencia`),
  CONSTRAINT `fkaplicacoesdascontasagencia` FOREIGN KEY (`fkbanco`, `fkagencia`) REFERENCES `agencias` (`fkbanco`, `pkagencia`) ON DELETE CASCADE ON UPDATE CASCADE,
  CONSTRAINT `fkaplicacoesdascontasaplicacaofinanceira` FOREIGN KEY (`fkaplicacaofinanceira`) REFERENCES `aplicacoesfinanceiras` (`pkaplicacaofinanceira`) ON DELETE CASCADE ON UPDATE CASCADE
) ENGINE=InnoDB DEFAULT CHARSET=utf8 COLLATE=utf8_bin;

-- Copiando dados para a tabela lbtar2.aplicacoesdascontas: ~0 rows (aproximadamente)
/*!40000 ALTER TABLE `aplicacoesdascontas` DISABLE KEYS */;
/*!40000 ALTER TABLE `aplicacoesdascontas` ENABLE KEYS */;

-- Copiando estrutura para tabela lbtar2.aplicacoesfinanceiras
CREATE TABLE IF NOT EXISTS `aplicacoesfinanceiras` (
  `pkaplicacaofinanceira` smallint(6) unsigned NOT NULL,
  `txnomeaplicacao` varchar(250) COLLATE utf8_bin NOT NULL,
  `txregrasdaaplicao` varchar(2500) COLLATE utf8_bin NOT NULL,
  `dtcadaplicfinanc` date NOT NULL,
  PRIMARY KEY (`pkaplicacaofinanceira`)
) ENGINE=InnoDB DEFAULT CHARSET=utf8 COLLATE=utf8_bin;

-- Copiando dados para a tabela lbtar2.aplicacoesfinanceiras: ~0 rows (aproximadamente)
/*!40000 ALTER TABLE `aplicacoesfinanceiras` DISABLE KEYS */;
/*!40000 ALTER TABLE `aplicacoesfinanceiras` ENABLE KEYS */;

-- Copiando estrutura para tabela lbtar2.areaestudo
CREATE TABLE IF NOT EXISTS `areaestudo` (
  `pkareaestudo` smallint(6) unsigned NOT NULL,
  `txnomearea` varchar(250) COLLATE utf8_bin NOT NULL,
  `txdescricaoarea` varchar(2500) COLLATE utf8_bin NOT NULL,
  `dtcadareaestudo` date NOT NULL,
  PRIMARY KEY (`pkareaestudo`)
) ENGINE=InnoDB DEFAULT CHARSET=utf8 COLLATE=utf8_bin COMMENT='arestudo';

-- Copiando dados para a tabela lbtar2.areaestudo: ~8 rows (aproximadamente)
/*!40000 ALTER TABLE `areaestudo` DISABLE KEYS */;
INSERT INTO `areaestudo` (`pkareaestudo`, `txnomearea`, `txdescricaoarea`, `dtcadareaestudo`) VALUES
	(1, 'Exatas', 'Agrega todo conhecimento de ciências exatas', '2018-01-30'),
	(2, 'Humanas', 'Agrega todo conhecimento de ciências humanas', '2018-01-30'),
	(3, 'Biológicas', 'Agrega todo conhecimento de ciências biológicas', '2018-01-30'),
	(4, 'Naturais', 'Agrega todo conhecimento de ciências Naturais', '2018-01-30'),
	(5, 'Astronômicas', 'Agrega todo conhecimento de ciências Astronômicas', '2018-01-30'),
	(6, 'Planetárias', 'Agrega todo conhecimento de ciências Planetárias', '2018-01-30'),
	(7, 'Filosóficas', 'Agrega todo conhecimento de ciências Filosóficas', '2018-01-30'),
	(8, 'Matemáticas', 'Agrega todo conhecimento de ciências Matemáticas', '2018-01-30');
/*!40000 ALTER TABLE `areaestudo` ENABLE KEYS */;

-- Copiando estrutura para tabela lbtar2.areaestudocursos
CREATE TABLE IF NOT EXISTS `areaestudocursos` (
  `fkcurso` smallint(6) unsigned NOT NULL,
  `fkareaestudo` smallint(6) unsigned NOT NULL,
  `dtcadareaestcurso` date NOT NULL,
  PRIMARY KEY (`fkcurso`,`fkareaestudo`),
  KEY `ifkcurso` (`fkcurso`),
  KEY `ifkareaestudo` (`fkareaestudo`),
  CONSTRAINT `fkareaestudocursosareaestudo` FOREIGN KEY (`fkareaestudo`) REFERENCES `areaestudo` (`pkareaestudo`),
  CONSTRAINT `fkareaestudocursoscurso` FOREIGN KEY (`fkcurso`) REFERENCES `cursos` (`pkcurso`)
) ENGINE=InnoDB DEFAULT CHARSET=utf8 COLLATE=utf8_bin COMMENT='arestcur';

-- Copiando dados para a tabela lbtar2.areaestudocursos: ~0 rows (aproximadamente)
/*!40000 ALTER TABLE `areaestudocursos` DISABLE KEYS */;
/*!40000 ALTER TABLE `areaestudocursos` ENABLE KEYS */;

-- Copiando estrutura para tabela lbtar2.areaestudodisciplinas
CREATE TABLE IF NOT EXISTS `areaestudodisciplinas` (
  `fkdisciplina` smallint(6) unsigned NOT NULL,
  `fkareaestudo` smallint(6) unsigned NOT NULL,
  `dtcadareaestdisciplina` date NOT NULL,
  PRIMARY KEY (`fkdisciplina`,`fkareaestudo`),
  KEY `ifkdisciplina` (`fkdisciplina`),
  KEY `ifkareaestudo` (`fkareaestudo`),
  CONSTRAINT `fkareaestudodisciplinasareaestudo` FOREIGN KEY (`fkareaestudo`) REFERENCES `areaestudo` (`pkareaestudo`),
  CONSTRAINT `fkareaestudodisciplinasdisciplina` FOREIGN KEY (`fkdisciplina`) REFERENCES `disciplinas` (`pkdisciplina`)
) ENGINE=InnoDB DEFAULT CHARSET=utf8 COLLATE=utf8_bin;

-- Copiando dados para a tabela lbtar2.areaestudodisciplinas: ~0 rows (aproximadamente)
/*!40000 ALTER TABLE `areaestudodisciplinas` DISABLE KEYS */;
/*!40000 ALTER TABLE `areaestudodisciplinas` ENABLE KEYS */;

-- Copiando estrutura para tabela lbtar2.areaestudolivros
CREATE TABLE IF NOT EXISTS `areaestudolivros` (
  `fklivro` smallint(6) unsigned NOT NULL,
  `fkareaestudo` smallint(6) unsigned NOT NULL,
  `nugrauinfluencia` smallint(6) unsigned NOT NULL,
  `dtcadareaestlivro` date NOT NULL,
  PRIMARY KEY (`fklivro`,`fkareaestudo`),
  KEY `ifklivro` (`fklivro`),
  KEY `ifkareaestudo` (`fkareaestudo`),
  CONSTRAINT `fkareaestudolivrosareaestudo` FOREIGN KEY (`fkareaestudo`) REFERENCES `areaestudo` (`pkareaestudo`),
  CONSTRAINT `fkareaestudolivroslivro` FOREIGN KEY (`fklivro`) REFERENCES `livros` (`pklivro`)
) ENGINE=InnoDB DEFAULT CHARSET=utf8 COLLATE=utf8_bin COMMENT='arestliv';

-- Copiando dados para a tabela lbtar2.areaestudolivros: ~0 rows (aproximadamente)
/*!40000 ALTER TABLE `areaestudolivros` DISABLE KEYS */;
/*!40000 ALTER TABLE `areaestudolivros` ENABLE KEYS */;

-- Copiando estrutura para tabela lbtar2.armazens
CREATE TABLE IF NOT EXISTS `armazens` (
  `pkarmazem` smallint(6) unsigned NOT NULL,
  `txnomearmazem` varchar(20) COLLATE utf8_bin NOT NULL,
  `txdescricaogeral` text COLLATE utf8_bin,
  `fkcliente` smallint(6) unsigned NOT NULL,
  `fklogradouro` smallint(6) unsigned NOT NULL,
  `txcomplemento` varchar(80) COLLATE utf8_bin NOT NULL,
  `nucep` char(8) COLLATE utf8_bin DEFAULT NULL,
  `nutelefone` char(12) COLLATE utf8_bin DEFAULT NULL,
  `qtarea` decimal(15,2) unsigned NOT NULL,
  `dtcadarmazem` date NOT NULL,
  PRIMARY KEY (`pkarmazem`),
  KEY `ifkcliente` (`fkcliente`),
  KEY `ifklogradouro` (`fklogradouro`),
  CONSTRAINT `fkarmazenscliente` FOREIGN KEY (`fkcliente`) REFERENCES `clientes` (`pkcliente`),
  CONSTRAINT `fkarmazenslogradouro` FOREIGN KEY (`fklogradouro`) REFERENCES `logradouros` (`pklogradouro`)
) ENGINE=InnoDB DEFAULT CHARSET=utf8 COLLATE=utf8_bin COMMENT='armazens';

-- Copiando dados para a tabela lbtar2.armazens: ~5 rows (aproximadamente)
/*!40000 ALTER TABLE `armazens` DISABLE KEYS */;
INSERT INTO `armazens` (`pkarmazem`, `txnomearmazem`, `txdescricaogeral`, `fkcliente`, `fklogradouro`, `txcomplemento`, `nucep`, `nutelefone`, `qtarea`, `dtcadarmazem`) VALUES
	(2, 'Sao Sebastiao', '', 10, 10, '1492', '87654321', '', 50000.00, '1980-01-01'),
	(3, 'Rio de Janeiro - 01', 'Galpão Único com pé direito de 15Metros', 40, 10, '234', '12345678', '2174857485', 20000.00, '1980-01-01'),
	(5, 'Dois Irmaos', '', 25, 10, '234', '', '', 15000.00, '1980-01-01'),
	(15, 'Big Warehouse Bahia', 'Galpão Único com pé direito de 15Metros', 10, 50, '456', '12313212', '123', 35000.00, '2010-10-10'),
	(20, 'Americanas V', 'Galpão Único com pé direito de 15Metros', 10, 10, 'Km 30', '12345678', '1145124512', 150000.00, '2015-12-07');
/*!40000 ALTER TABLE `armazens` ENABLE KEYS */;

-- Copiando estrutura para tabela lbtar2.atividades
CREATE TABLE IF NOT EXISTS `atividades` (
  `pkatividade` smallint(6) unsigned NOT NULL,
  `txnomeatividade` varchar(80) COLLATE utf8_bin NOT NULL,
  `txdescricao` varchar(500) COLLATE utf8_bin DEFAULT NULL,
  `dtcadatividade` date NOT NULL,
  PRIMARY KEY (`pkatividade`)
) ENGINE=InnoDB DEFAULT CHARSET=utf8 COLLATE=utf8_bin COMMENT='atividad';

-- Copiando dados para a tabela lbtar2.atividades: ~0 rows (aproximadamente)
/*!40000 ALTER TABLE `atividades` DISABLE KEYS */;
/*!40000 ALTER TABLE `atividades` ENABLE KEYS */;

-- Copiando estrutura para tabela lbtar2.atribuicoes
CREATE TABLE IF NOT EXISTS `atribuicoes` (
  `fkprofessor` smallint(6) unsigned NOT NULL,
  `fkdisciplina` smallint(6) unsigned NOT NULL,
  `qthorasatribuidas` smallint(6) unsigned NOT NULL,
  `dtatribuicao` date NOT NULL,
  `dtcadatribuicao` date DEFAULT NULL,
  PRIMARY KEY (`fkprofessor`,`fkdisciplina`),
  KEY `ifkprofessor` (`fkprofessor`),
  KEY `ifkdisciplina` (`fkdisciplina`),
  CONSTRAINT `fkatribuicoesdisciplina` FOREIGN KEY (`fkdisciplina`) REFERENCES `disciplinas` (`pkdisciplina`),
  CONSTRAINT `fkatribuicoesprofessor` FOREIGN KEY (`fkprofessor`) REFERENCES `professores` (`pkprofessor`)
) ENGINE=InnoDB DEFAULT CHARSET=utf8 COLLATE=utf8_bin COMMENT='atribuic';

-- Copiando dados para a tabela lbtar2.atribuicoes: ~0 rows (aproximadamente)
/*!40000 ALTER TABLE `atribuicoes` DISABLE KEYS */;
INSERT INTO `atribuicoes` (`fkprofessor`, `fkdisciplina`, `qthorasatribuidas`, `dtatribuicao`, `dtcadatribuicao`) VALUES
	(2, 2323, 3, '2018-06-12', '2018-06-03');
/*!40000 ALTER TABLE `atribuicoes` ENABLE KEYS */;

-- Copiando estrutura para tabela lbtar2.atuacoes
CREATE TABLE IF NOT EXISTS `atuacoes` (
  `pkatuacao` smallint(6) unsigned NOT NULL,
  `fkfuncionario` smallint(6) unsigned DEFAULT NULL,
  `fktarefprojeto` smallint(6) unsigned DEFAULT NULL,
  `dtinicio` date NOT NULL,
  `dttermino` date DEFAULT NULL,
  `qttempoduracao` decimal(5,2) unsigned DEFAULT NULL,
  `dtcadatuacao` date NOT NULL,
  PRIMARY KEY (`pkatuacao`),
  KEY `ifkprojeto` (`fktarefprojeto`),
  KEY `ifkfuncionario` (`fkfuncionario`),
  CONSTRAINT `fkatuacoesfuncionario` FOREIGN KEY (`fkfuncionario`) REFERENCES `funcionarios` (`pkfuncionario`),
  CONSTRAINT `fkatuacoestarefprojeto` FOREIGN KEY (`fktarefprojeto`) REFERENCES `tarefasprojetos` (`pktarefprojeto`)
) ENGINE=InnoDB DEFAULT CHARSET=utf8 COLLATE=utf8_bin COMMENT='atuacoes';

-- Copiando dados para a tabela lbtar2.atuacoes: ~1.385 rows (aproximadamente)
/*!40000 ALTER TABLE `atuacoes` DISABLE KEYS */;
INSERT INTO `atuacoes` (`pkatuacao`, `fkfuncionario`, `fktarefprojeto`, `dtinicio`, `dttermino`, `qttempoduracao`, `dtcadatuacao`) VALUES
	(1, 1, 1, '2017-10-05', '2017-10-30', 100.00, '2017-11-05'),
	(2, 1, 2, '2017-10-05', '2017-10-30', 100.00, '2017-11-05'),
	(3, 1, 3, '2017-10-05', '2017-10-30', 100.00, '2017-11-05'),
	(4, 1, 4, '2017-10-05', '2017-10-30', 100.00, '2017-11-05'),
	(5, 1, 5, '2017-10-05', '2017-10-30', 100.00, '2017-11-05'),
	(6, 1, 6, '2017-10-05', '2017-10-30', 100.00, '2017-11-05'),
	(7, 1, 7, '2017-10-05', '2017-10-30', 100.00, '2017-11-05'),
	(8, 1, 8, '2017-10-05', '2017-10-30', 100.00, '2017-11-05'),
	(9, 1, 9, '2017-10-05', '2017-10-30', 100.00, '2017-11-05'),
	(10, 1, 10, '2017-10-05', '2017-10-30', 100.00, '2017-11-05'),
	(11, 1, 11, '2017-10-05', '2017-10-30', 100.00, '2017-11-05'),
	(12, 1, 12, '2017-10-05', '2017-10-30', 100.00, '2017-11-05'),
	(13, 1, 13, '2017-10-05', '2017-10-30', 100.00, '2017-11-05'),
	(14, 1, 14, '2017-10-05', '2017-10-30', 100.00, '2017-11-05'),
	(15, 1, 15, '2017-10-05', '2017-10-30', 100.00, '2017-11-05'),
	(16, 1, 16, '2017-10-05', '2017-10-30', 100.00, '2017-11-05'),
	(17, 1, 17, '2017-10-05', '2017-10-30', 100.00, '2017-11-05'),
	(18, 1, 18, '2017-10-05', '2017-10-30', 100.00, '2017-11-05'),
	(19, 1, 19, '2017-10-05', '2017-10-30', 100.00, '2017-11-05'),
	(20, 1, 20, '2017-10-05', '2017-10-30', 100.00, '2017-11-05'),
	(21, 1, 21, '2017-10-05', '2017-10-30', 100.00, '2017-11-05'),
	(22, 1, 22, '2017-10-05', '2017-10-30', 100.00, '2017-11-05'),
	(23, 1, 23, '2017-10-05', '2017-10-30', 100.00, '2017-11-05'),
	(24, 1, 24, '2017-10-05', '2017-10-30', 100.00, '2017-11-05'),
	(25, 1, 25, '2017-10-05', '2017-10-30', 100.00, '2017-11-05'),
	(26, 1, 26, '2017-10-05', '2017-10-30', 100.00, '2017-11-05'),
	(27, 1, 27, '2017-10-05', '2017-10-30', 100.00, '2017-11-05'),
	(28, 1, 28, '2017-10-05', '2017-10-30', 100.00, '2017-11-05'),
	(29, 1, 29, '2017-10-05', '2017-10-30', 100.00, '2017-11-05'),
	(30, 1, 30, '2017-10-05', '2017-10-30', 100.00, '2017-11-05'),
	(31, 1, 31, '2017-10-05', '2017-10-30', 100.00, '2017-11-05'),
	(32, 1, 32, '2017-10-05', '2017-10-30', 100.00, '2017-11-05'),
	(33, 1, 33, '2017-10-05', '2017-10-30', 100.00, '2017-11-05'),
	(34, 1, 34, '2017-10-05', '2017-10-30', 100.00, '2017-11-05'),
	(35, 1, 35, '2017-10-05', '2017-10-30', 100.00, '2017-11-05'),
	(36, 1, 36, '2017-10-05', '2017-10-30', 100.00, '2017-11-05'),
	(37, 1, 37, '2017-10-05', '2017-10-30', 100.00, '2017-11-05'),
	(38, 1, 38, '2017-10-05', '2017-10-30', 100.00, '2017-11-05'),
	(39, 1, 39, '2017-10-05', '2017-10-30', 100.00, '2017-11-05'),
	(40, 1, 40, '2017-10-05', '2017-10-30', 100.00, '2017-11-05'),
	(41, 1, 41, '2017-10-05', '2017-10-30', 100.00, '2017-11-05'),
	(42, 1, 42, '2017-10-05', '2017-10-30', 100.00, '2017-11-05'),
	(43, 1, 43, '2017-10-05', '2017-10-30', 100.00, '2017-11-05'),
	(44, 1, 44, '2017-10-05', '2017-10-30', 100.00, '2017-11-05'),
	(45, 1, 45, '2017-10-05', '2017-10-30', 100.00, '2017-11-05'),
	(46, 1, 46, '2017-10-05', '2017-10-30', 100.00, '2017-11-05'),
	(47, 1, 47, '2017-10-05', '2017-10-30', 100.00, '2017-11-05'),
	(48, 1, 48, '2017-10-05', '2017-10-30', 100.00, '2017-11-05'),
	(49, 1, 49, '2017-10-05', '2017-10-30', 100.00, '2017-11-05'),
	(50, 1, 50, '2017-10-05', '2017-10-30', 100.00, '2017-11-05'),
	(51, 1, 51, '2017-10-05', '2017-10-30', 100.00, '2017-11-05'),
	(52, 1, 52, '2017-10-05', '2017-10-30', 100.00, '2017-11-05'),
	(53, 1, 53, '2017-10-05', '2017-10-30', 100.00, '2017-11-05'),
	(54, 1, 54, '2017-10-05', '2017-10-30', 100.00, '2017-11-05'),
	(55, 1, 55, '2017-10-05', '2017-10-30', 100.00, '2017-11-05'),
	(56, 1, 56, '2017-10-05', '2017-10-30', 100.00, '2017-11-05'),
	(57, 2, 8, '2017-10-05', '2017-10-30', 100.00, '2017-11-05'),
	(58, 2, 9, '2017-10-05', '2017-10-30', 100.00, '2017-11-05'),
	(59, 2, 10, '2017-10-05', '2017-10-30', 100.00, '2017-11-05'),
	(60, 2, 11, '2017-10-05', '2017-10-30', 100.00, '2017-11-05'),
	(61, 2, 12, '2017-10-05', '2017-10-30', 100.00, '2017-11-05'),
	(62, 2, 13, '2017-10-05', '2017-10-30', 100.00, '2017-11-05'),
	(63, 2, 14, '2017-10-05', '2017-10-30', 100.00, '2017-11-05'),
	(64, 2, 15, '2017-10-05', '2017-10-30', 100.00, '2017-11-05'),
	(65, 2, 16, '2017-10-05', '2017-10-30', 100.00, '2017-11-05'),
	(66, 2, 17, '2017-10-05', '2017-10-30', 100.00, '2017-11-05'),
	(67, 2, 18, '2017-10-05', '2017-10-30', 100.00, '2017-11-05'),
	(68, 2, 19, '2017-10-05', '2017-10-30', 100.00, '2017-11-05'),
	(69, 2, 20, '2017-10-05', '2017-10-30', 100.00, '2017-11-05'),
	(70, 2, 21, '2017-10-05', '2017-10-30', 100.00, '2017-11-05'),
	(71, 2, 22, '2017-10-05', '2017-10-30', 100.00, '2017-11-05'),
	(72, 2, 23, '2017-10-05', '2017-10-30', 100.00, '2017-11-05'),
	(73, 2, 24, '2017-10-05', '2017-10-30', 100.00, '2017-11-05'),
	(74, 2, 25, '2017-10-05', '2017-10-30', 100.00, '2017-11-05'),
	(75, 2, 26, '2017-10-05', '2017-10-30', 100.00, '2017-11-05'),
	(76, 2, 27, '2017-10-05', '2017-10-30', 100.00, '2017-11-05'),
	(77, 2, 28, '2017-10-05', '2017-10-30', 100.00, '2017-11-05'),
	(78, 2, 29, '2017-10-05', '2017-10-30', 100.00, '2017-11-05'),
	(79, 2, 30, '2017-10-05', '2017-10-30', 100.00, '2017-11-05'),
	(80, 2, 31, '2017-10-05', '2017-10-30', 100.00, '2017-11-05'),
	(81, 2, 32, '2017-10-05', '2017-10-30', 100.00, '2017-11-05'),
	(82, 2, 33, '2017-10-05', '2017-10-30', 100.00, '2017-11-05'),
	(83, 2, 34, '2017-10-05', '2017-10-30', 100.00, '2017-11-05'),
	(84, 2, 35, '2017-10-05', '2017-10-30', 100.00, '2017-11-05'),
	(85, 2, 36, '2017-10-05', '2017-10-30', 100.00, '2017-11-05'),
	(86, 2, 37, '2017-10-05', '2017-10-30', 100.00, '2017-11-05'),
	(87, 2, 38, '2017-10-05', '2017-10-30', 100.00, '2017-11-05'),
	(88, 2, 39, '2017-10-05', '2017-10-30', 100.00, '2017-11-05'),
	(89, 2, 40, '2017-10-05', '2017-10-30', 100.00, '2017-11-05'),
	(90, 2, 41, '2017-10-05', '2017-10-30', 100.00, '2017-11-05'),
	(91, 2, 42, '2017-10-05', '2017-10-30', 100.00, '2017-11-05'),
	(92, 2, 43, '2017-10-05', '2017-10-30', 100.00, '2017-11-05'),
	(93, 2, 44, '2017-10-05', '2017-10-30', 100.00, '2017-11-05'),
	(94, 2, 45, '2017-10-05', '2017-10-30', 100.00, '2017-11-05'),
	(95, 2, 46, '2017-10-05', '2017-10-30', 100.00, '2017-11-05'),
	(96, 2, 47, '2017-10-05', '2017-10-30', 100.00, '2017-11-05'),
	(97, 2, 48, '2017-10-05', '2017-10-30', 100.00, '2017-11-05'),
	(98, 2, 49, '2017-10-05', '2017-10-30', 100.00, '2017-11-05'),
	(99, 2, 50, '2017-10-05', '2017-10-30', 100.00, '2017-11-05'),
	(100, 2, 51, '2017-10-05', '2017-10-30', 100.00, '2017-11-05'),
	(101, 2, 52, '2017-10-05', '2017-10-30', 100.00, '2017-11-05'),
	(102, 2, 53, '2017-10-05', '2017-10-30', 100.00, '2017-11-05'),
	(103, 2, 54, '2017-10-05', '2017-10-30', 100.00, '2017-11-05'),
	(104, 2, 55, '2017-10-05', '2017-10-30', 100.00, '2017-11-05'),
	(105, 2, 56, '2017-10-05', '2017-10-30', 100.00, '2017-11-05'),
	(106, 3, 1, '2017-10-05', '2017-10-30', 100.00, '2017-11-05'),
	(107, 3, 2, '2017-10-05', '2017-10-30', 100.00, '2017-11-05'),
	(108, 3, 3, '2017-10-05', '2017-10-30', 100.00, '2017-11-05'),
	(109, 3, 4, '2017-10-05', '2017-10-30', 100.00, '2017-11-05'),
	(110, 3, 5, '2017-10-05', '2017-10-30', 100.00, '2017-11-05'),
	(111, 3, 6, '2017-10-05', '2017-10-30', 100.00, '2017-11-05'),
	(112, 3, 7, '2017-10-05', '2017-10-30', 100.00, '2017-11-05'),
	(113, 3, 8, '2017-10-05', '2017-10-30', 100.00, '2017-11-05'),
	(114, 3, 9, '2017-10-05', '2017-10-30', 100.00, '2017-11-05'),
	(115, 3, 10, '2017-10-05', '2017-10-30', 100.00, '2017-11-05'),
	(116, 3, 11, '2017-10-05', '2017-10-30', 100.00, '2017-11-05'),
	(117, 3, 19, '2017-10-05', '2017-10-30', 100.00, '2017-11-05'),
	(118, 3, 20, '2017-10-05', '2017-10-30', 100.00, '2017-11-05'),
	(119, 3, 21, '2017-10-05', '2017-10-30', 100.00, '2017-11-05'),
	(120, 3, 22, '2017-10-05', '2017-10-30', 100.00, '2017-11-05'),
	(121, 3, 23, '2017-10-05', '2017-10-30', 100.00, '2017-11-05'),
	(122, 3, 24, '2017-10-05', '2017-10-30', 100.00, '2017-11-05'),
	(123, 3, 25, '2017-10-05', '2017-10-30', 100.00, '2017-11-05'),
	(124, 3, 26, '2017-10-05', '2017-10-30', 100.00, '2017-11-05'),
	(125, 3, 27, '2017-10-05', '2017-10-30', 100.00, '2017-11-05'),
	(126, 3, 28, '2017-10-05', '2017-10-30', 100.00, '2017-11-05'),
	(127, 3, 29, '2017-10-05', '2017-10-30', 100.00, '2017-11-05'),
	(128, 3, 30, '2017-10-05', '2017-10-30', 100.00, '2017-11-05'),
	(129, 3, 31, '2017-10-05', '2017-10-30', 100.00, '2017-11-05'),
	(130, 3, 32, '2017-10-05', '2017-10-30', 100.00, '2017-11-05'),
	(131, 3, 33, '2017-10-05', '2017-10-30', 100.00, '2017-11-05'),
	(132, 3, 34, '2017-10-05', '2017-10-30', 100.00, '2017-11-05'),
	(133, 3, 35, '2017-10-05', '2017-10-30', 100.00, '2017-11-05'),
	(134, 3, 36, '2017-10-05', '2017-10-30', 100.00, '2017-11-05'),
	(135, 3, 37, '2017-10-05', '2017-10-30', 100.00, '2017-11-05'),
	(136, 3, 38, '2017-10-05', '2017-10-30', 100.00, '2017-11-05'),
	(137, 3, 39, '2017-10-05', '2017-10-30', 100.00, '2017-11-05'),
	(138, 3, 40, '2017-10-05', '2017-10-30', 100.00, '2017-11-05'),
	(139, 3, 41, '2017-10-05', '2017-10-30', 100.00, '2017-11-05'),
	(140, 3, 42, '2017-10-05', '2017-10-30', 100.00, '2017-11-05'),
	(141, 3, 43, '2017-10-05', '2017-10-30', 100.00, '2017-11-05'),
	(142, 3, 44, '2017-10-05', '2017-10-30', 100.00, '2017-11-05'),
	(143, 3, 45, '2017-10-05', '2017-10-30', 100.00, '2017-11-05'),
	(144, 3, 46, '2017-10-05', '2017-10-30', 100.00, '2017-11-05'),
	(145, 3, 47, '2017-10-05', '2017-10-30', 100.00, '2017-11-05'),
	(146, 3, 48, '2017-10-05', '2017-10-30', 100.00, '2017-11-05'),
	(147, 3, 49, '2017-10-05', '2017-10-30', 100.00, '2017-11-05'),
	(148, 3, 50, '2017-10-05', '2017-10-30', 100.00, '2017-11-05'),
	(149, 3, 51, '2017-10-05', '2017-10-30', 100.00, '2017-11-05'),
	(150, 4, 35, '2017-10-05', '2017-10-30', 100.00, '2017-11-05'),
	(151, 4, 36, '2017-10-05', '2017-10-30', 100.00, '2017-11-05'),
	(152, 4, 37, '2017-10-05', '2017-10-30', 100.00, '2017-11-05'),
	(153, 4, 38, '2017-10-05', '2017-10-30', 100.00, '2017-11-05'),
	(154, 4, 39, '2017-10-05', '2017-10-30', 100.00, '2017-11-05'),
	(155, 4, 40, '2017-10-05', '2017-10-30', 100.00, '2017-11-05'),
	(156, 4, 41, '2017-10-05', '2017-10-30', 100.00, '2017-11-05'),
	(157, 4, 42, '2017-10-05', '2017-10-30', 100.00, '2017-11-05'),
	(158, 4, 43, '2017-10-05', '2017-10-30', 100.00, '2017-11-05'),
	(159, 4, 44, '2017-10-05', '2017-10-30', 100.00, '2017-11-05'),
	(160, 4, 45, '2017-10-05', '2017-10-30', 100.00, '2017-11-05'),
	(161, 4, 46, '2017-10-05', '2017-10-30', 100.00, '2017-11-05'),
	(162, 4, 47, '2017-10-05', '2017-10-30', 100.00, '2017-11-05'),
	(163, 4, 48, '2017-10-05', '2017-10-30', 100.00, '2017-11-05'),
	(164, 4, 49, '2017-10-05', '2017-10-30', 100.00, '2017-11-05'),
	(165, 4, 50, '2017-10-05', '2017-10-30', 100.00, '2017-11-05'),
	(166, 4, 51, '2017-10-05', '2017-10-30', 100.00, '2017-11-05'),
	(167, 4, 52, '2017-10-05', '2017-10-30', 100.00, '2017-11-05'),
	(168, 4, 53, '2017-10-05', '2017-10-30', 100.00, '2017-11-05'),
	(169, 4, 54, '2017-10-05', '2017-10-30', 100.00, '2017-11-05'),
	(170, 4, 55, '2017-10-05', '2017-10-30', 100.00, '2017-11-05'),
	(171, 4, 56, '2017-10-05', '2017-10-30', 100.00, '2017-11-05'),
	(172, 5, 1, '2017-10-05', '2017-10-30', 100.00, '2017-11-05'),
	(173, 5, 2, '2017-10-05', '2017-10-30', 100.00, '2017-11-05'),
	(174, 5, 3, '2017-10-05', '2017-10-30', 100.00, '2017-11-05'),
	(175, 5, 4, '2017-10-05', '2017-10-30', 100.00, '2017-11-05'),
	(176, 5, 5, '2017-10-05', '2017-10-30', 100.00, '2017-11-05'),
	(177, 5, 6, '2017-10-05', '2017-10-30', 100.00, '2017-11-05'),
	(178, 5, 7, '2017-10-05', '2017-10-30', 100.00, '2017-11-05'),
	(179, 5, 8, '2017-10-05', '2017-10-30', 100.00, '2017-11-05'),
	(180, 5, 9, '2017-10-05', '2017-10-30', 100.00, '2017-11-05'),
	(181, 5, 10, '2017-10-05', '2017-10-30', 100.00, '2017-11-05'),
	(182, 5, 11, '2017-10-05', '2017-10-30', 100.00, '2017-11-05'),
	(183, 5, 12, '2017-10-05', '2017-10-30', 100.00, '2017-11-05'),
	(184, 5, 13, '2017-10-05', '2017-10-30', 100.00, '2017-11-05'),
	(185, 5, 14, '2017-10-05', '2017-10-30', 100.00, '2017-11-05'),
	(186, 5, 15, '2017-10-05', '2017-10-30', 100.00, '2017-11-05'),
	(187, 5, 16, '2017-10-05', '2017-10-30', 100.00, '2017-11-05'),
	(188, 5, 17, '2017-10-05', '2017-10-30', 100.00, '2017-11-05'),
	(189, 5, 18, '2017-10-05', '2017-10-30', 100.00, '2017-11-05'),
	(190, 5, 19, '2017-10-05', '2017-10-30', 100.00, '2017-11-05'),
	(191, 5, 20, '2017-10-05', '2017-10-30', 100.00, '2017-11-05'),
	(192, 5, 21, '2017-10-05', '2017-10-30', 100.00, '2017-11-05'),
	(193, 5, 22, '2017-10-05', '2017-10-30', 100.00, '2017-11-05'),
	(194, 5, 23, '2017-10-05', '2017-10-30', 100.00, '2017-11-05'),
	(195, 5, 24, '2017-10-05', '2017-10-30', 100.00, '2017-11-05'),
	(196, 5, 25, '2017-10-05', '2017-10-30', 100.00, '2017-11-05'),
	(197, 5, 26, '2017-10-05', '2017-10-30', 100.00, '2017-11-05'),
	(198, 5, 27, '2017-10-05', '2017-10-30', 100.00, '2017-11-05'),
	(199, 5, 28, '2017-10-05', '2017-10-30', 100.00, '2017-11-05'),
	(200, 5, 29, '2017-10-05', '2017-10-30', 100.00, '2017-11-05'),
	(201, 5, 30, '2017-10-05', '2017-10-30', 100.00, '2017-11-05'),
	(202, 5, 31, '2017-10-05', '2017-10-30', 100.00, '2017-11-05'),
	(203, 5, 32, '2017-10-05', '2017-10-30', 100.00, '2017-11-05'),
	(204, 5, 33, '2017-10-05', '2017-10-30', 100.00, '2017-11-05'),
	(205, 5, 34, '2017-10-05', '2017-10-30', 100.00, '2017-11-05'),
	(206, 5, 35, '2017-10-05', '2017-10-30', 100.00, '2017-11-05'),
	(207, 5, 36, '2017-10-05', '2017-10-30', 100.00, '2017-11-05'),
	(208, 5, 37, '2017-10-05', '2017-10-30', 100.00, '2017-11-05'),
	(209, 5, 38, '2017-10-05', '2017-10-30', 100.00, '2017-11-05'),
	(210, 5, 39, '2017-10-05', '2017-10-30', 100.00, '2017-11-05'),
	(211, 5, 40, '2017-10-05', '2017-10-30', 100.00, '2017-11-05'),
	(212, 5, 41, '2017-10-05', '2017-10-30', 100.00, '2017-11-05'),
	(213, 5, 42, '2017-10-05', '2017-10-30', 100.00, '2017-11-05'),
	(214, 5, 43, '2017-10-05', '2017-10-30', 100.00, '2017-11-05'),
	(215, 5, 44, '2017-10-05', '2017-10-30', 100.00, '2017-11-05'),
	(216, 5, 45, '2017-10-05', '2017-10-30', 100.00, '2017-11-05'),
	(217, 5, 46, '2017-10-05', '2017-10-30', 100.00, '2017-11-05'),
	(218, 5, 47, '2017-10-05', '2017-10-30', 100.00, '2017-11-05'),
	(219, 5, 48, '2017-10-05', '2017-10-30', 100.00, '2017-11-05'),
	(220, 5, 49, '2017-10-05', '2017-10-30', 100.00, '2017-11-05'),
	(221, 5, 50, '2017-10-05', '2017-10-30', 100.00, '2017-11-05'),
	(222, 5, 51, '2017-10-05', '2017-10-30', 100.00, '2017-11-05'),
	(223, 5, 52, '2017-10-05', '2017-10-30', 100.00, '2017-11-05'),
	(224, 5, 53, '2017-10-05', '2017-10-30', 100.00, '2017-11-05'),
	(225, 5, 54, '2017-10-05', '2017-10-30', 100.00, '2017-11-05'),
	(226, 5, 55, '2017-10-05', '2017-10-30', 100.00, '2017-11-05'),
	(227, 5, 56, '2017-10-05', '2017-10-30', 100.00, '2017-11-05'),
	(228, 7, 9, '2017-10-05', '2017-10-30', 100.00, '2017-11-05'),
	(229, 7, 10, '2017-10-05', '2017-10-30', 100.00, '2017-11-05'),
	(230, 7, 11, '2017-10-05', '2017-10-30', 100.00, '2017-11-05'),
	(231, 7, 12, '2017-10-05', '2017-10-30', 100.00, '2017-11-05'),
	(232, 7, 13, '2017-10-05', '2017-10-30', 100.00, '2017-11-05'),
	(233, 7, 14, '2017-10-05', '2017-10-30', 100.00, '2017-11-05'),
	(234, 7, 15, '2017-10-05', '2017-10-30', 100.00, '2017-11-05'),
	(235, 7, 16, '2017-10-05', '2017-10-30', 100.00, '2017-11-05'),
	(236, 7, 17, '2017-10-05', '2017-10-30', 100.00, '2017-11-05'),
	(237, 7, 18, '2017-10-05', '2017-10-30', 100.00, '2017-11-05'),
	(238, 7, 19, '2017-10-05', '2017-10-30', 100.00, '2017-11-05'),
	(239, 7, 20, '2017-10-05', '2017-10-30', 100.00, '2017-11-05'),
	(240, 7, 21, '2017-10-05', '2017-10-30', 100.00, '2017-11-05'),
	(241, 7, 22, '2017-10-05', '2017-10-30', 100.00, '2017-11-05'),
	(242, 7, 23, '2017-10-05', '2017-10-30', 100.00, '2017-11-05'),
	(243, 7, 24, '2017-10-05', '2017-10-30', 100.00, '2017-11-05'),
	(244, 7, 25, '2017-10-05', '2017-10-30', 100.00, '2017-11-05'),
	(245, 7, 26, '2017-10-05', '2017-10-30', 100.00, '2017-11-05'),
	(246, 7, 27, '2017-10-05', '2017-10-30', 100.00, '2017-11-05'),
	(247, 7, 28, '2017-10-05', '2017-10-30', 100.00, '2017-11-05'),
	(248, 7, 29, '2017-10-05', '2017-10-30', 100.00, '2017-11-05'),
	(249, 7, 30, '2017-10-05', '2017-10-30', 100.00, '2017-11-05'),
	(250, 7, 31, '2017-10-05', '2017-10-30', 100.00, '2017-11-05'),
	(251, 7, 32, '2017-10-05', '2017-10-30', 100.00, '2017-11-05'),
	(252, 7, 33, '2017-10-05', '2017-10-30', 100.00, '2017-11-05'),
	(253, 7, 34, '2017-10-05', '2017-10-30', 100.00, '2017-11-05'),
	(254, 7, 35, '2017-10-05', '2017-10-30', 100.00, '2017-11-05'),
	(255, 7, 36, '2017-10-05', '2017-10-30', 100.00, '2017-11-05'),
	(256, 7, 37, '2017-10-05', '2017-10-30', 100.00, '2017-11-05'),
	(257, 7, 38, '2017-10-05', '2017-10-30', 100.00, '2017-11-05'),
	(258, 7, 39, '2017-10-05', '2017-10-30', 100.00, '2017-11-05'),
	(259, 7, 40, '2017-10-05', '2017-10-30', 100.00, '2017-11-05'),
	(260, 7, 41, '2017-10-05', '2017-10-30', 100.00, '2017-11-05'),
	(261, 7, 42, '2017-10-05', '2017-10-30', 100.00, '2017-11-05'),
	(262, 7, 43, '2017-10-05', '2017-10-30', 100.00, '2017-11-05'),
	(263, 7, 44, '2017-10-05', '2017-10-30', 100.00, '2017-11-05'),
	(264, 7, 45, '2017-10-05', '2017-10-30', 100.00, '2017-11-05'),
	(265, 7, 46, '2017-10-05', '2017-10-30', 100.00, '2017-11-05'),
	(266, 7, 47, '2017-10-05', '2017-10-30', 100.00, '2017-11-05'),
	(267, 7, 48, '2017-10-05', '2017-10-30', 100.00, '2017-11-05'),
	(268, 7, 49, '2017-10-05', '2017-10-30', 100.00, '2017-11-05'),
	(269, 7, 50, '2017-10-05', '2017-10-30', 100.00, '2017-11-05'),
	(270, 7, 51, '2017-10-05', '2017-10-30', 100.00, '2017-11-05'),
	(271, 8, 8, '2017-10-05', '2017-10-30', 100.00, '2017-11-05'),
	(272, 8, 9, '2017-10-05', '2017-10-30', 100.00, '2017-11-05'),
	(273, 8, 10, '2017-10-05', '2017-10-30', 100.00, '2017-11-05'),
	(274, 8, 11, '2017-10-05', '2017-10-30', 100.00, '2017-11-05'),
	(275, 8, 12, '2017-10-05', '2017-10-30', 100.00, '2017-11-05'),
	(276, 8, 13, '2017-10-05', '2017-10-30', 100.00, '2017-11-05'),
	(277, 8, 14, '2017-10-05', '2017-10-30', 100.00, '2017-11-05'),
	(278, 8, 15, '2017-10-05', '2017-10-30', 100.00, '2017-11-05'),
	(279, 8, 16, '2017-10-05', '2017-10-30', 100.00, '2017-11-05'),
	(280, 8, 17, '2017-10-05', '2017-10-30', 100.00, '2017-11-05'),
	(281, 8, 18, '2017-10-05', '2017-10-30', 100.00, '2017-11-05'),
	(282, 8, 19, '2017-10-05', '2017-10-30', 100.00, '2017-11-05'),
	(283, 8, 20, '2017-10-05', '2017-10-30', 100.00, '2017-11-05'),
	(284, 8, 21, '2017-10-05', '2017-10-30', 100.00, '2017-11-05'),
	(285, 8, 22, '2017-10-05', '2017-10-30', 100.00, '2017-11-05'),
	(286, 8, 23, '2017-10-05', '2017-10-30', 100.00, '2017-11-05'),
	(287, 8, 24, '2017-10-05', '2017-10-30', 100.00, '2017-11-05'),
	(288, 8, 25, '2017-10-05', '2017-10-30', 100.00, '2017-11-05'),
	(289, 8, 33, '2017-10-05', '2017-10-30', 100.00, '2017-11-05'),
	(290, 8, 34, '2017-10-05', '2017-10-30', 100.00, '2017-11-05'),
	(291, 8, 35, '2017-10-05', '2017-10-30', 100.00, '2017-11-05'),
	(292, 8, 36, '2017-10-05', '2017-10-30', 100.00, '2017-11-05'),
	(293, 8, 37, '2017-10-05', '2017-10-30', 100.00, '2017-11-05'),
	(294, 8, 38, '2017-10-05', '2017-10-30', 100.00, '2017-11-05'),
	(295, 8, 39, '2017-10-05', '2017-10-30', 100.00, '2017-11-05'),
	(296, 8, 40, '2017-10-05', '2017-10-30', 100.00, '2017-11-05'),
	(297, 8, 41, '2017-10-05', '2017-10-30', 100.00, '2017-11-05'),
	(298, 8, 42, '2017-10-05', '2017-10-30', 100.00, '2017-11-05'),
	(299, 8, 43, '2017-10-05', '2017-10-30', 100.00, '2017-11-05'),
	(300, 8, 44, '2017-10-05', '2017-10-30', 100.00, '2017-11-05'),
	(301, 8, 45, '2017-10-05', '2017-10-30', 100.00, '2017-11-05'),
	(302, 8, 46, '2017-10-05', '2017-10-30', 100.00, '2017-11-05'),
	(303, 8, 47, '2017-10-05', '2017-10-30', 100.00, '2017-11-05'),
	(304, 8, 48, '2017-10-05', '2017-10-30', 100.00, '2017-11-05'),
	(305, 8, 49, '2017-10-05', '2017-10-30', 100.00, '2017-11-05'),
	(306, 8, 50, '2017-10-05', '2017-10-30', 100.00, '2017-11-05'),
	(307, 9, 43, '2017-10-05', '2017-10-30', 100.00, '2017-11-05'),
	(308, 9, 44, '2017-10-05', '2017-10-30', 100.00, '2017-11-05'),
	(309, 9, 45, '2017-10-05', '2017-10-30', 100.00, '2017-11-05'),
	(310, 9, 46, '2017-10-05', '2017-10-30', 100.00, '2017-11-05'),
	(311, 9, 47, '2017-10-05', '2017-10-30', 100.00, '2017-11-05'),
	(312, 9, 48, '2017-10-05', '2017-10-30', 100.00, '2017-11-05'),
	(313, 9, 49, '2017-10-05', '2017-10-30', 100.00, '2017-11-05'),
	(314, 9, 50, '2017-10-05', '2017-10-30', 100.00, '2017-11-05'),
	(315, 9, 51, '2017-10-05', '2017-10-30', 100.00, '2017-11-05'),
	(316, 9, 52, '2017-10-05', '2017-10-30', 100.00, '2017-11-05'),
	(317, 9, 53, '2017-10-05', '2017-10-30', 100.00, '2017-11-05'),
	(318, 9, 54, '2017-10-05', '2017-10-30', 100.00, '2017-11-05'),
	(319, 9, 55, '2017-10-05', '2017-10-30', 100.00, '2017-11-05'),
	(320, 9, 56, '2017-10-05', '2017-10-30', 100.00, '2017-11-05'),
	(321, 10, 1, '2017-10-05', '2017-10-30', 100.00, '2017-11-05'),
	(322, 10, 2, '2017-10-05', '2017-10-30', 100.00, '2017-11-05'),
	(323, 10, 3, '2017-10-05', '2017-10-30', 100.00, '2017-11-05'),
	(324, 10, 4, '2017-10-05', '2017-10-30', 100.00, '2017-11-05'),
	(325, 10, 5, '2017-10-05', '2017-10-30', 100.00, '2017-11-05'),
	(326, 10, 6, '2017-10-05', '2017-10-30', 100.00, '2017-11-05'),
	(327, 10, 7, '2017-10-05', '2017-10-30', 100.00, '2017-11-05'),
	(328, 10, 8, '2017-10-05', '2017-10-30', 100.00, '2017-11-05'),
	(329, 10, 9, '2017-10-05', '2017-10-30', 100.00, '2017-11-05'),
	(330, 10, 10, '2017-10-05', '2017-10-30', 100.00, '2017-11-05'),
	(331, 10, 11, '2017-10-05', '2017-10-30', 100.00, '2017-11-05'),
	(332, 10, 12, '2017-10-05', '2017-10-30', 100.00, '2017-11-05'),
	(333, 10, 13, '2017-10-05', '2017-10-30', 100.00, '2017-11-05'),
	(334, 10, 14, '2017-10-05', '2017-10-30', 100.00, '2017-11-05'),
	(335, 10, 15, '2017-10-05', '2017-10-30', 100.00, '2017-11-05'),
	(336, 10, 16, '2017-10-05', '2017-10-30', 100.00, '2017-11-05'),
	(337, 10, 17, '2017-10-05', '2017-10-30', 100.00, '2017-11-05'),
	(338, 10, 18, '2017-10-05', '2017-10-30', 100.00, '2017-11-05'),
	(339, 10, 19, '2017-10-05', '2017-10-30', 100.00, '2017-11-05'),
	(340, 10, 20, '2017-10-05', '2017-10-30', 100.00, '2017-11-05'),
	(341, 10, 21, '2017-10-05', '2017-10-30', 100.00, '2017-11-05'),
	(342, 10, 22, '2017-10-05', '2017-10-30', 100.00, '2017-11-05'),
	(343, 10, 23, '2017-10-05', '2017-10-30', 100.00, '2017-11-05'),
	(344, 10, 24, '2017-10-05', '2017-10-30', 100.00, '2017-11-05'),
	(345, 10, 25, '2017-10-05', '2017-10-30', 100.00, '2017-11-05'),
	(346, 10, 26, '2017-10-05', '2017-10-30', 100.00, '2017-11-05'),
	(347, 10, 27, '2017-10-05', '2017-10-30', 100.00, '2017-11-05'),
	(348, 10, 28, '2017-10-05', '2017-10-30', 100.00, '2017-11-05'),
	(349, 10, 29, '2017-10-05', '2017-10-30', 100.00, '2017-11-05'),
	(350, 10, 30, '2017-10-05', '2017-10-30', 100.00, '2017-11-05'),
	(351, 10, 31, '2017-10-05', '2017-10-30', 100.00, '2017-11-05'),
	(352, 10, 32, '2017-10-05', '2017-10-30', 100.00, '2017-11-05'),
	(353, 10, 33, '2017-10-05', '2017-10-30', 100.00, '2017-11-05'),
	(354, 10, 34, '2017-10-05', '2017-10-30', 100.00, '2017-11-05'),
	(355, 10, 35, '2017-10-05', '2017-10-30', 100.00, '2017-11-05'),
	(356, 10, 36, '2017-10-05', '2017-10-30', 100.00, '2017-11-05'),
	(357, 10, 37, '2017-10-05', '2017-10-30', 100.00, '2017-11-05'),
	(358, 10, 38, '2017-10-05', '2017-10-30', 100.00, '2017-11-05'),
	(359, 10, 39, '2017-10-05', '2017-10-30', 100.00, '2017-11-05'),
	(360, 10, 40, '2017-10-05', '2017-10-30', 100.00, '2017-11-05'),
	(361, 10, 41, '2017-10-05', '2017-10-30', 100.00, '2017-11-05'),
	(362, 10, 42, '2017-10-05', '2017-10-30', 100.00, '2017-11-05'),
	(363, 10, 43, '2017-10-05', '2017-10-30', 100.00, '2017-11-05'),
	(364, 10, 44, '2017-10-05', '2017-10-30', 100.00, '2017-11-05'),
	(365, 10, 45, '2017-10-05', '2017-10-30', 100.00, '2017-11-05'),
	(366, 10, 46, '2017-10-05', '2017-10-30', 100.00, '2017-11-05'),
	(367, 10, 47, '2017-10-05', '2017-10-30', 100.00, '2017-11-05'),
	(368, 10, 48, '2017-10-05', '2017-10-30', 100.00, '2017-11-05'),
	(369, 10, 49, '2017-10-05', '2017-10-30', 100.00, '2017-11-05'),
	(370, 10, 50, '2017-10-05', '2017-10-30', 100.00, '2017-11-05'),
	(371, 10, 51, '2017-10-05', '2017-10-30', 100.00, '2017-11-05'),
	(372, 10, 52, '2017-10-05', '2017-10-30', 100.00, '2017-11-05'),
	(373, 10, 53, '2017-10-05', '2017-10-30', 100.00, '2017-11-05'),
	(374, 10, 54, '2017-10-05', '2017-10-30', 100.00, '2017-11-05'),
	(375, 10, 55, '2017-10-05', '2017-10-30', 100.00, '2017-11-05'),
	(376, 10, 56, '2017-10-05', '2017-10-30', 100.00, '2017-11-05'),
	(377, 11, 37, '2017-10-05', '2017-10-30', 100.00, '2017-11-05'),
	(378, 11, 38, '2017-10-05', '2017-10-30', 100.00, '2017-11-05'),
	(379, 11, 39, '2017-10-05', '2017-10-30', 100.00, '2017-11-05'),
	(380, 11, 40, '2017-10-05', '2017-10-30', 100.00, '2017-11-05'),
	(381, 11, 41, '2017-10-05', '2017-10-30', 100.00, '2017-11-05'),
	(382, 11, 42, '2017-10-05', '2017-10-30', 100.00, '2017-11-05'),
	(383, 11, 43, '2017-10-05', '2017-10-30', 100.00, '2017-11-05'),
	(384, 11, 44, '2017-10-05', '2017-10-30', 100.00, '2017-11-05'),
	(385, 11, 45, '2017-10-05', '2017-10-30', 100.00, '2017-11-05'),
	(386, 11, 46, '2017-10-05', '2017-10-30', 100.00, '2017-11-05'),
	(387, 11, 47, '2017-10-05', '2017-10-30', 100.00, '2017-11-05'),
	(388, 11, 48, '2017-10-05', '2017-10-30', 100.00, '2017-11-05'),
	(389, 11, 49, '2017-10-05', '2017-10-30', 100.00, '2017-11-05'),
	(390, 11, 50, '2017-10-05', '2017-10-30', 100.00, '2017-11-05'),
	(391, 11, 51, '2017-10-05', '2017-10-30', 100.00, '2017-11-05'),
	(392, 11, 52, '2017-10-05', '2017-10-30', 100.00, '2017-11-05'),
	(393, 11, 53, '2017-10-05', '2017-10-30', 100.00, '2017-11-05'),
	(394, 11, 54, '2017-10-05', '2017-10-30', 100.00, '2017-11-05'),
	(395, 11, 55, '2017-10-05', '2017-10-30', 100.00, '2017-11-05'),
	(396, 11, 56, '2017-10-05', '2017-10-30', 100.00, '2017-11-05'),
	(397, 12, 1, '2017-10-05', '2017-10-30', 100.00, '2017-11-05'),
	(398, 12, 2, '2017-10-05', '2017-10-30', 100.00, '2017-11-05'),
	(399, 12, 3, '2017-10-05', '2017-10-30', 100.00, '2017-11-05'),
	(400, 12, 4, '2017-10-05', '2017-10-30', 100.00, '2017-11-05'),
	(401, 13, 12, '2017-10-05', '2017-10-30', 100.00, '2017-11-05'),
	(402, 13, 13, '2017-10-05', '2017-10-30', 100.00, '2017-11-05'),
	(403, 13, 14, '2017-10-05', '2017-10-30', 100.00, '2017-11-05'),
	(404, 13, 15, '2017-10-05', '2017-10-30', 100.00, '2017-11-05'),
	(405, 13, 16, '2017-10-05', '2017-10-30', 100.00, '2017-11-05'),
	(406, 13, 17, '2017-10-05', '2017-10-30', 100.00, '2017-11-05'),
	(407, 13, 18, '2017-10-05', '2017-10-30', 100.00, '2017-11-05'),
	(408, 13, 19, '2017-10-05', '2017-10-30', 100.00, '2017-11-05'),
	(409, 13, 20, '2017-10-05', '2017-10-30', 100.00, '2017-11-05'),
	(410, 13, 21, '2017-10-05', '2017-10-30', 100.00, '2017-11-05'),
	(411, 13, 22, '2017-10-05', '2017-10-30', 100.00, '2017-11-05'),
	(412, 13, 23, '2017-10-05', '2017-10-30', 100.00, '2017-11-05'),
	(413, 13, 24, '2017-10-05', '2017-10-30', 100.00, '2017-11-05'),
	(414, 13, 25, '2017-10-05', '2017-10-30', 100.00, '2017-11-05'),
	(415, 13, 26, '2017-10-05', '2017-10-30', 100.00, '2017-11-05'),
	(416, 13, 27, '2017-10-05', '2017-10-30', 100.00, '2017-11-05'),
	(417, 13, 28, '2017-10-05', '2017-10-30', 100.00, '2017-11-05'),
	(418, 13, 29, '2017-10-05', '2017-10-30', 100.00, '2017-11-05'),
	(419, 13, 30, '2017-10-05', '2017-10-30', 100.00, '2017-11-05'),
	(420, 13, 31, '2017-10-05', '2017-10-30', 100.00, '2017-11-05'),
	(421, 13, 32, '2017-10-05', '2017-10-30', 100.00, '2017-11-05'),
	(422, 13, 33, '2017-10-05', '2017-10-30', 100.00, '2017-11-05'),
	(423, 13, 34, '2017-10-05', '2017-10-30', 100.00, '2017-11-05'),
	(424, 13, 35, '2017-10-05', '2017-10-30', 100.00, '2017-11-05'),
	(425, 13, 36, '2017-10-05', '2017-10-30', 100.00, '2017-11-05'),
	(426, 13, 37, '2017-10-05', '2017-10-30', 100.00, '2017-11-05'),
	(427, 15, 41, '2017-10-05', '2017-10-30', 100.00, '2017-11-05'),
	(428, 15, 42, '2017-10-05', '2017-10-30', 100.00, '2017-11-05'),
	(429, 15, 43, '2017-10-05', '2017-10-30', 100.00, '2017-11-05'),
	(430, 15, 44, '2017-10-05', '2017-10-30', 100.00, '2017-11-05'),
	(431, 15, 45, '2017-10-05', '2017-10-30', 100.00, '2017-11-05'),
	(432, 15, 46, '2017-10-05', '2017-10-30', 100.00, '2017-11-05'),
	(433, 15, 47, '2017-10-05', '2017-10-30', 100.00, '2017-11-05'),
	(434, 15, 48, '2017-10-05', '2017-10-30', 100.00, '2017-11-05'),
	(435, 15, 49, '2017-10-05', '2017-10-30', 100.00, '2017-11-05'),
	(436, 15, 50, '2017-10-05', '2017-10-30', 100.00, '2017-11-05'),
	(437, 15, 51, '2017-10-05', '2017-10-30', 100.00, '2017-11-05'),
	(438, 15, 52, '2017-10-05', '2017-10-30', 100.00, '2017-11-05'),
	(439, 15, 53, '2017-10-05', '2017-10-30', 100.00, '2017-11-05'),
	(440, 15, 54, '2017-10-05', '2017-10-30', 100.00, '2017-11-05'),
	(441, 15, 55, '2017-10-05', '2017-10-30', 100.00, '2017-11-05'),
	(442, 15, 56, '2017-10-05', '2017-10-30', 100.00, '2017-11-05'),
	(443, 17, 9, '2017-10-05', '2017-10-30', 100.00, '2017-11-05'),
	(444, 17, 10, '2017-10-05', '2017-10-30', 100.00, '2017-11-05'),
	(445, 17, 11, '2017-10-05', '2017-10-30', 100.00, '2017-11-05'),
	(446, 17, 12, '2017-10-05', '2017-10-30', 100.00, '2017-11-05'),
	(447, 17, 13, '2017-10-05', '2017-10-30', 100.00, '2017-11-05'),
	(448, 17, 14, '2017-10-05', '2017-10-30', 100.00, '2017-11-05'),
	(449, 17, 15, '2017-10-05', '2017-10-30', 100.00, '2017-11-05'),
	(450, 17, 16, '2017-10-05', '2017-10-30', 100.00, '2017-11-05'),
	(451, 17, 17, '2017-10-05', '2017-10-30', 100.00, '2017-11-05'),
	(452, 17, 18, '2017-10-05', '2017-10-30', 100.00, '2017-11-05'),
	(453, 17, 19, '2017-10-05', '2017-10-30', 100.00, '2017-11-05'),
	(454, 17, 20, '2017-10-05', '2017-10-30', 100.00, '2017-11-05'),
	(455, 17, 21, '2017-10-05', '2017-10-30', 100.00, '2017-11-05'),
	(456, 17, 22, '2017-10-05', '2017-10-30', 100.00, '2017-11-05'),
	(457, 17, 23, '2017-10-05', '2017-10-30', 100.00, '2017-11-05'),
	(458, 17, 24, '2017-10-05', '2017-10-30', 100.00, '2017-11-05'),
	(459, 17, 25, '2017-10-05', '2017-10-30', 100.00, '2017-11-05'),
	(460, 17, 26, '2017-10-05', '2017-10-30', 100.00, '2017-11-05'),
	(461, 17, 27, '2017-10-05', '2017-10-30', 100.00, '2017-11-05'),
	(462, 17, 28, '2017-10-05', '2017-10-30', 100.00, '2017-11-05'),
	(463, 17, 29, '2017-10-05', '2017-10-30', 100.00, '2017-11-05'),
	(464, 17, 30, '2017-10-05', '2017-10-30', 100.00, '2017-11-05'),
	(465, 17, 31, '2017-10-05', '2017-10-30', 100.00, '2017-11-05'),
	(466, 17, 32, '2017-10-05', '2017-10-30', 100.00, '2017-11-05'),
	(467, 17, 33, '2017-10-05', '2017-10-30', 100.00, '2017-11-05'),
	(468, 17, 34, '2017-10-05', '2017-10-30', 100.00, '2017-11-05'),
	(469, 17, 39, '2017-10-05', '2017-10-30', 100.00, '2017-11-05'),
	(470, 17, 40, '2017-10-05', '2017-10-30', 100.00, '2017-11-05'),
	(471, 17, 41, '2017-10-05', '2017-10-30', 100.00, '2017-11-05'),
	(472, 17, 42, '2017-10-05', '2017-10-30', 100.00, '2017-11-05'),
	(473, 17, 43, '2017-10-05', '2017-10-30', 100.00, '2017-11-05'),
	(474, 17, 44, '2017-10-05', '2017-10-30', 100.00, '2017-11-05'),
	(475, 17, 45, '2017-10-05', '2017-10-30', 100.00, '2017-11-05'),
	(476, 17, 46, '2017-10-05', '2017-10-30', 100.00, '2017-11-05'),
	(477, 17, 47, '2017-10-05', '2017-10-30', 100.00, '2017-11-05'),
	(478, 17, 48, '2017-10-05', '2017-10-30', 100.00, '2017-11-05'),
	(479, 17, 49, '2017-10-05', '2017-10-30', 100.00, '2017-11-05'),
	(480, 17, 51, '2017-10-05', '2017-10-30', 100.00, '2017-11-05'),
	(481, 17, 52, '2017-10-05', '2017-10-30', 100.00, '2017-11-05'),
	(482, 17, 53, '2017-10-05', '2017-10-30', 100.00, '2017-11-05'),
	(483, 17, 54, '2017-10-05', '2017-10-30', 100.00, '2017-11-05'),
	(484, 17, 55, '2017-10-05', '2017-10-30', 100.00, '2017-11-05'),
	(485, 17, 56, '2017-10-05', '2017-10-30', 100.00, '2017-11-05'),
	(486, 19, 1, '2017-10-05', '2017-10-30', 100.00, '2017-11-05'),
	(487, 19, 2, '2017-10-05', '2017-10-30', 100.00, '2017-11-05'),
	(488, 19, 3, '2017-10-05', '2017-10-30', 100.00, '2017-11-05'),
	(489, 19, 4, '2017-10-05', '2017-10-30', 100.00, '2017-11-05'),
	(490, 19, 5, '2017-10-05', '2017-10-30', 100.00, '2017-11-05'),
	(491, 19, 6, '2017-10-05', '2017-10-30', 100.00, '2017-11-05'),
	(492, 19, 7, '2017-10-05', '2017-10-30', 100.00, '2017-11-05'),
	(493, 19, 8, '2017-10-05', '2017-10-30', 100.00, '2017-11-05'),
	(494, 19, 9, '2017-10-05', '2017-10-30', 100.00, '2017-11-05'),
	(495, 19, 10, '2017-10-05', '2017-10-30', 100.00, '2017-11-05'),
	(496, 19, 11, '2017-10-05', '2017-10-30', 100.00, '2017-11-05'),
	(497, 19, 12, '2017-10-05', '2017-10-30', 100.00, '2017-11-05'),
	(498, 19, 13, '2017-10-05', '2017-10-30', 100.00, '2017-11-05'),
	(499, 19, 14, '2017-10-05', '2017-10-30', 100.00, '2017-11-05'),
	(500, 19, 29, '2017-10-05', '2017-10-30', 100.00, '2017-11-05'),
	(501, 19, 30, '2017-10-05', '2017-10-30', 100.00, '2017-11-05'),
	(502, 19, 31, '2017-10-05', '2017-10-30', 100.00, '2017-11-05'),
	(503, 19, 32, '2017-10-05', '2017-10-30', 100.00, '2017-11-05'),
	(504, 19, 33, '2017-10-05', '2017-10-30', 100.00, '2017-11-05'),
	(505, 19, 34, '2017-10-05', '2017-10-30', 100.00, '2017-11-05'),
	(506, 19, 35, '2017-10-05', '2017-10-30', 100.00, '2017-11-05'),
	(507, 19, 36, '2017-10-05', '2017-10-30', 100.00, '2017-11-05'),
	(508, 19, 37, '2017-10-05', '2017-10-30', 100.00, '2017-11-05'),
	(509, 19, 38, '2017-10-05', '2017-10-30', 100.00, '2017-11-05'),
	(510, 19, 39, '2017-10-05', '2017-10-30', 100.00, '2017-11-05'),
	(511, 19, 40, '2017-10-05', '2017-10-30', 100.00, '2017-11-05'),
	(512, 19, 41, '2017-10-05', '2017-10-30', 100.00, '2017-11-05'),
	(513, 19, 42, '2017-10-05', '2017-10-30', 100.00, '2017-11-05'),
	(514, 19, 43, '2017-10-05', '2017-10-30', 100.00, '2017-11-05'),
	(515, 19, 44, '2017-10-05', '2017-10-30', 100.00, '2017-11-05'),
	(516, 19, 45, '2017-10-05', '2017-10-30', 100.00, '2017-11-05'),
	(517, 19, 46, '2017-10-05', '2017-10-30', 100.00, '2017-11-05'),
	(518, 19, 47, '2017-10-05', '2017-10-30', 100.00, '2017-11-05'),
	(519, 19, 48, '2017-10-05', '2017-10-30', 100.00, '2017-11-05'),
	(520, 19, 49, '2017-10-05', '2017-10-30', 100.00, '2017-11-05'),
	(521, 19, 50, '2017-10-05', '2017-10-30', 100.00, '2017-11-05'),
	(522, 19, 51, '2017-10-05', '2017-10-30', 100.00, '2017-11-05'),
	(523, 19, 52, '2017-10-05', '2017-10-30', 100.00, '2017-11-05'),
	(524, 20, 9, '2017-10-05', '2017-10-30', 100.00, '2017-11-05'),
	(525, 20, 10, '2017-10-05', '2017-10-30', 100.00, '2017-11-05'),
	(526, 20, 11, '2017-10-05', '2017-10-30', 100.00, '2017-11-05'),
	(527, 20, 12, '2017-10-05', '2017-10-30', 100.00, '2017-11-05'),
	(528, 20, 13, '2017-10-05', '2017-10-30', 100.00, '2017-11-05'),
	(529, 20, 14, '2017-10-05', '2017-10-30', 100.00, '2017-11-05'),
	(530, 20, 15, '2017-10-05', '2017-10-30', 100.00, '2017-11-05'),
	(531, 20, 16, '2017-10-05', '2017-10-30', 100.00, '2017-11-05'),
	(532, 20, 17, '2017-10-05', '2017-10-30', 100.00, '2017-11-05'),
	(533, 20, 18, '2017-10-05', '2017-10-30', 100.00, '2017-11-05'),
	(534, 20, 19, '2017-10-05', '2017-10-30', 100.00, '2017-11-05'),
	(535, 20, 20, '2017-10-05', '2017-10-30', 100.00, '2017-11-05'),
	(536, 20, 21, '2017-10-05', '2017-10-30', 100.00, '2017-11-05'),
	(537, 20, 22, '2017-10-05', '2017-10-30', 100.00, '2017-11-05'),
	(538, 20, 23, '2017-10-05', '2017-10-30', 100.00, '2017-11-05'),
	(539, 20, 24, '2017-10-05', '2017-10-30', 100.00, '2017-11-05'),
	(540, 20, 25, '2017-10-05', '2017-10-30', 100.00, '2017-11-05'),
	(541, 20, 26, '2017-10-05', '2017-10-30', 100.00, '2017-11-05'),
	(542, 20, 27, '2017-10-05', '2017-10-30', 100.00, '2017-11-05'),
	(543, 20, 28, '2017-10-05', '2017-10-30', 100.00, '2017-11-05'),
	(544, 20, 29, '2017-10-05', '2017-10-30', 100.00, '2017-11-05'),
	(545, 20, 30, '2017-10-05', '2017-10-30', 100.00, '2017-11-05'),
	(546, 20, 31, '2017-10-05', '2017-10-30', 100.00, '2017-11-05'),
	(547, 20, 32, '2017-10-05', '2017-10-30', 100.00, '2017-11-05'),
	(548, 20, 33, '2017-10-05', '2017-10-30', 100.00, '2017-11-05'),
	(549, 20, 38, '2017-10-05', '2017-10-30', 100.00, '2017-11-05'),
	(550, 20, 39, '2017-10-05', '2017-10-30', 100.00, '2017-11-05'),
	(551, 20, 40, '2017-10-05', '2017-10-30', 100.00, '2017-11-05'),
	(552, 20, 41, '2017-10-05', '2017-10-30', 100.00, '2017-11-05'),
	(553, 20, 42, '2017-10-05', '2017-10-30', 100.00, '2017-11-05'),
	(554, 20, 43, '2017-10-05', '2017-10-30', 100.00, '2017-11-05'),
	(555, 20, 44, '2017-10-05', '2017-10-30', 100.00, '2017-11-05'),
	(556, 20, 45, '2017-10-05', '2017-10-30', 100.00, '2017-11-05'),
	(557, 20, 46, '2017-10-05', '2017-10-30', 100.00, '2017-11-05'),
	(558, 20, 47, '2017-10-05', '2017-10-30', 100.00, '2017-11-05'),
	(559, 20, 48, '2017-10-05', '2017-10-30', 100.00, '2017-11-05'),
	(560, 20, 49, '2017-10-05', '2017-10-30', 100.00, '2017-11-05'),
	(561, 20, 50, '2017-10-05', '2017-10-30', 100.00, '2017-11-05'),
	(562, 20, 51, '2017-10-05', '2017-10-30', 100.00, '2017-11-05'),
	(563, 20, 52, '2017-10-05', '2017-10-30', 100.00, '2017-11-05'),
	(564, 21, 38, '2017-10-05', '2017-10-30', 100.00, '2017-11-05'),
	(565, 21, 39, '2017-10-05', '2017-10-30', 100.00, '2017-11-05'),
	(566, 21, 40, '2017-10-05', '2017-10-30', 100.00, '2017-11-05'),
	(567, 21, 41, '2017-10-05', '2017-10-30', 100.00, '2017-11-05'),
	(568, 21, 42, '2017-10-05', '2017-10-30', 100.00, '2017-11-05'),
	(569, 21, 43, '2017-10-05', '2017-10-30', 100.00, '2017-11-05'),
	(570, 21, 44, '2017-10-05', '2017-10-30', 100.00, '2017-11-05'),
	(571, 21, 45, '2017-10-05', '2017-10-30', 100.00, '2017-11-05'),
	(572, 21, 46, '2017-10-05', '2017-10-30', 100.00, '2017-11-05'),
	(573, 21, 47, '2017-10-05', '2017-10-30', 100.00, '2017-11-05'),
	(574, 21, 48, '2017-10-05', '2017-10-30', 100.00, '2017-11-05'),
	(575, 21, 49, '2017-10-05', '2017-10-30', 100.00, '2017-11-05'),
	(576, 21, 50, '2017-10-05', '2017-10-30', 100.00, '2017-11-05'),
	(577, 21, 51, '2017-10-05', '2017-10-30', 100.00, '2017-11-05'),
	(578, 21, 52, '2017-10-05', '2017-10-30', 100.00, '2017-11-05'),
	(579, 21, 53, '2017-10-05', '2017-10-30', 100.00, '2017-11-05'),
	(580, 21, 54, '2017-10-05', '2017-10-30', 100.00, '2017-11-05'),
	(581, 21, 55, '2017-10-05', '2017-10-30', 100.00, '2017-11-05'),
	(582, 21, 56, '2017-10-05', '2017-10-30', 100.00, '2017-11-05'),
	(583, 22, 1, '2017-10-05', '2017-10-30', 100.00, '2017-11-05'),
	(584, 22, 9, '2017-10-05', '2017-10-30', 100.00, '2017-11-05'),
	(585, 22, 10, '2017-10-05', '2017-10-30', 100.00, '2017-11-05'),
	(586, 22, 11, '2017-10-05', '2017-10-30', 100.00, '2017-11-05'),
	(587, 22, 12, '2017-10-05', '2017-10-30', 100.00, '2017-11-05'),
	(588, 22, 13, '2017-10-05', '2017-10-30', 100.00, '2017-11-05'),
	(589, 22, 14, '2017-10-05', '2017-10-30', 100.00, '2017-11-05'),
	(590, 22, 15, '2017-10-05', '2017-10-30', 100.00, '2017-11-05'),
	(591, 22, 16, '2017-10-05', '2017-10-30', 100.00, '2017-11-05'),
	(592, 22, 17, '2017-10-05', '2017-10-30', 100.00, '2017-11-05'),
	(593, 22, 18, '2017-10-05', '2017-10-30', 100.00, '2017-11-05'),
	(594, 22, 19, '2017-10-05', '2017-10-30', 100.00, '2017-11-05'),
	(595, 22, 20, '2017-10-05', '2017-10-30', 100.00, '2017-11-05'),
	(596, 22, 21, '2017-10-05', '2017-10-30', 100.00, '2017-11-05'),
	(597, 22, 37, '2017-10-05', '2017-10-30', 100.00, '2017-11-05'),
	(598, 22, 38, '2017-10-05', '2017-10-30', 100.00, '2017-11-05'),
	(599, 22, 39, '2017-10-05', '2017-10-30', 100.00, '2017-11-05'),
	(600, 22, 40, '2017-10-05', '2017-10-30', 100.00, '2017-11-05'),
	(601, 22, 41, '2017-10-05', '2017-10-30', 100.00, '2017-11-05'),
	(602, 22, 42, '2017-10-05', '2017-10-30', 100.00, '2017-11-05'),
	(603, 22, 43, '2017-10-05', '2017-10-30', 100.00, '2017-11-05'),
	(604, 23, 9, '2017-10-05', '2017-10-30', 100.00, '2017-11-05'),
	(605, 23, 10, '2017-10-05', '2017-10-30', 100.00, '2017-11-05'),
	(606, 23, 11, '2017-10-05', '2017-10-30', 100.00, '2017-11-05'),
	(607, 23, 12, '2017-10-05', '2017-10-30', 100.00, '2017-11-05'),
	(608, 23, 13, '2017-10-05', '2017-10-30', 100.00, '2017-11-05'),
	(609, 23, 14, '2017-10-05', '2017-10-30', 100.00, '2017-11-05'),
	(610, 23, 15, '2017-10-05', '2017-10-30', 100.00, '2017-11-05'),
	(611, 23, 16, '2017-10-05', '2017-10-30', 100.00, '2017-11-05'),
	(612, 23, 17, '2017-10-05', '2017-10-30', 100.00, '2017-11-05'),
	(613, 23, 18, '2017-10-05', '2017-10-30', 100.00, '2017-11-05'),
	(614, 23, 19, '2017-10-05', '2017-10-30', 100.00, '2017-11-05'),
	(615, 23, 20, '2017-10-05', '2017-10-30', 100.00, '2017-11-05'),
	(616, 23, 21, '2017-10-05', '2017-10-30', 100.00, '2017-11-05'),
	(617, 23, 22, '2017-10-05', '2017-10-30', 100.00, '2017-11-05'),
	(618, 23, 23, '2017-10-05', '2017-10-30', 100.00, '2017-11-05'),
	(619, 23, 24, '2017-10-05', '2017-10-30', 100.00, '2017-11-05'),
	(620, 23, 45, '2017-10-05', '2017-10-30', 100.00, '2017-11-05'),
	(621, 23, 46, '2017-10-05', '2017-10-30', 100.00, '2017-11-05'),
	(622, 23, 47, '2017-10-05', '2017-10-30', 100.00, '2017-11-05'),
	(623, 23, 48, '2017-10-05', '2017-10-30', 100.00, '2017-11-05'),
	(624, 23, 49, '2017-10-05', '2017-10-30', 100.00, '2017-11-05'),
	(625, 23, 50, '2017-10-05', '2017-10-30', 100.00, '2017-11-05'),
	(626, 23, 51, '2017-10-05', '2017-10-30', 100.00, '2017-11-05'),
	(627, 23, 52, '2017-10-05', '2017-10-30', 100.00, '2017-11-05'),
	(628, 23, 53, '2017-10-05', '2017-10-30', 100.00, '2017-11-05'),
	(629, 23, 54, '2017-10-05', '2017-10-30', 100.00, '2017-11-05'),
	(630, 23, 55, '2017-10-05', '2017-10-30', 100.00, '2017-11-05'),
	(631, 23, 56, '2017-10-05', '2017-10-30', 100.00, '2017-11-05'),
	(632, 24, 1, '2017-10-05', '2017-10-30', 100.00, '2017-11-05'),
	(633, 24, 2, '2017-10-05', '2017-10-30', 100.00, '2017-11-05'),
	(634, 24, 3, '2017-10-05', '2017-10-30', 100.00, '2017-11-05'),
	(635, 24, 4, '2017-10-05', '2017-10-30', 100.00, '2017-11-05'),
	(636, 24, 24, '2017-10-05', '2017-10-30', 100.00, '2017-11-05'),
	(637, 24, 25, '2017-10-05', '2017-10-30', 100.00, '2017-11-05'),
	(638, 24, 26, '2017-10-05', '2017-10-30', 100.00, '2017-11-05'),
	(639, 24, 27, '2017-10-05', '2017-10-30', 100.00, '2017-11-05'),
	(640, 24, 28, '2017-10-05', '2017-10-30', 100.00, '2017-11-05'),
	(641, 24, 29, '2017-10-05', '2017-10-30', 100.00, '2017-11-05'),
	(642, 24, 30, '2017-10-05', '2017-10-30', 100.00, '2017-11-05'),
	(643, 24, 31, '2017-10-05', '2017-10-30', 100.00, '2017-11-05'),
	(644, 24, 32, '2017-10-05', '2017-10-30', 100.00, '2017-11-05'),
	(645, 24, 33, '2017-10-05', '2017-10-30', 100.00, '2017-11-05'),
	(646, 24, 34, '2017-10-05', '2017-10-30', 100.00, '2017-11-05'),
	(647, 24, 35, '2017-10-05', '2017-10-30', 100.00, '2017-11-05'),
	(648, 24, 36, '2017-10-05', '2017-10-30', 100.00, '2017-11-05'),
	(649, 24, 37, '2017-10-05', '2017-10-30', 100.00, '2017-11-05'),
	(650, 25, 1, '2017-10-05', '2017-10-30', 100.00, '2017-11-05'),
	(651, 25, 2, '2017-10-05', '2017-10-30', 100.00, '2017-11-05'),
	(652, 25, 3, '2017-10-05', '2017-10-30', 100.00, '2017-11-05'),
	(653, 25, 4, '2017-10-05', '2017-10-30', 100.00, '2017-11-05'),
	(654, 25, 5, '2017-10-05', '2017-10-30', 100.00, '2017-11-05'),
	(655, 25, 6, '2017-10-05', '2017-10-30', 100.00, '2017-11-05'),
	(656, 25, 7, '2017-10-05', '2017-10-30', 100.00, '2017-11-05'),
	(657, 25, 8, '2017-10-05', '2017-10-30', 100.00, '2017-11-05'),
	(658, 25, 9, '2017-10-05', '2017-10-30', 100.00, '2017-11-05'),
	(659, 25, 10, '2017-10-05', '2017-10-30', 100.00, '2017-11-05'),
	(660, 25, 11, '2017-10-05', '2017-10-30', 100.00, '2017-11-05'),
	(661, 25, 12, '2017-10-05', '2017-10-30', 100.00, '2017-11-05'),
	(662, 25, 13, '2017-10-05', '2017-10-30', 100.00, '2017-11-05'),
	(663, 25, 14, '2017-10-05', '2017-10-30', 100.00, '2017-11-05'),
	(664, 25, 15, '2017-10-05', '2017-10-30', 100.00, '2017-11-05'),
	(665, 25, 37, '2017-10-05', '2017-10-30', 100.00, '2017-11-05'),
	(666, 25, 38, '2017-10-05', '2017-10-30', 100.00, '2017-11-05'),
	(667, 25, 39, '2017-10-05', '2017-10-30', 100.00, '2017-11-05'),
	(668, 25, 40, '2017-10-05', '2017-10-30', 100.00, '2017-11-05'),
	(669, 25, 41, '2017-10-05', '2017-10-30', 100.00, '2017-11-05'),
	(670, 25, 42, '2017-10-05', '2017-10-30', 100.00, '2017-11-05'),
	(671, 25, 43, '2017-10-05', '2017-10-30', 100.00, '2017-11-05'),
	(672, 25, 44, '2017-10-05', '2017-10-30', 100.00, '2017-11-05'),
	(673, 25, 45, '2017-10-05', '2017-10-30', 100.00, '2017-11-05'),
	(674, 25, 46, '2017-10-05', '2017-10-30', 100.00, '2017-11-05'),
	(675, 25, 47, '2017-10-05', '2017-10-30', 100.00, '2017-11-05'),
	(676, 25, 48, '2017-10-05', '2017-10-30', 100.00, '2017-11-05'),
	(677, 25, 49, '2017-10-05', '2017-10-30', 100.00, '2017-11-05'),
	(678, 25, 50, '2017-10-05', '2017-10-30', 100.00, '2017-11-05'),
	(679, 25, 51, '2017-10-05', '2017-10-30', 100.00, '2017-11-05'),
	(680, 25, 52, '2017-10-05', '2017-10-30', 100.00, '2017-11-05'),
	(681, 25, 53, '2017-10-05', '2017-10-30', 100.00, '2017-11-05'),
	(682, 25, 54, '2017-10-05', '2017-10-30', 100.00, '2017-11-05'),
	(683, 25, 55, '2017-10-05', '2017-10-30', 100.00, '2017-11-05'),
	(684, 25, 56, '2017-10-05', '2017-10-30', 100.00, '2017-11-05'),
	(685, 26, 1, '2017-10-05', '2017-10-30', 100.00, '2017-11-05'),
	(686, 26, 2, '2017-10-05', '2017-10-30', 100.00, '2017-11-05'),
	(687, 26, 24, '2017-10-05', '2017-10-30', 100.00, '2017-11-05'),
	(688, 26, 25, '2017-10-05', '2017-10-30', 100.00, '2017-11-05'),
	(689, 26, 26, '2017-10-05', '2017-10-30', 100.00, '2017-11-05'),
	(690, 26, 27, '2017-10-05', '2017-10-30', 100.00, '2017-11-05'),
	(691, 26, 28, '2017-10-05', '2017-10-30', 100.00, '2017-11-05'),
	(692, 26, 29, '2017-10-05', '2017-10-30', 100.00, '2017-11-05'),
	(693, 26, 30, '2017-10-05', '2017-10-30', 100.00, '2017-11-05'),
	(694, 26, 31, '2017-10-05', '2017-10-30', 100.00, '2017-11-05'),
	(695, 26, 32, '2017-10-05', '2017-10-30', 100.00, '2017-11-05'),
	(696, 26, 33, '2017-10-05', '2017-10-30', 100.00, '2017-11-05'),
	(697, 26, 34, '2017-10-05', '2017-10-30', 100.00, '2017-11-05'),
	(698, 26, 35, '2017-10-05', '2017-10-30', 100.00, '2017-11-05'),
	(699, 26, 36, '2017-10-05', '2017-10-30', 100.00, '2017-11-05'),
	(700, 26, 37, '2017-10-05', '2017-10-30', 100.00, '2017-11-05'),
	(701, 26, 38, '2017-10-05', '2017-10-30', 100.00, '2017-11-05'),
	(702, 26, 39, '2017-10-05', '2017-10-30', 100.00, '2017-11-05'),
	(703, 26, 40, '2017-10-05', '2017-10-30', 100.00, '2017-11-05'),
	(704, 26, 41, '2017-10-05', '2017-10-30', 100.00, '2017-11-05'),
	(705, 26, 42, '2017-10-05', '2017-10-30', 100.00, '2017-11-05'),
	(706, 26, 43, '2017-10-05', '2017-10-30', 100.00, '2017-11-05'),
	(707, 26, 44, '2017-10-05', '2017-10-30', 100.00, '2017-11-05'),
	(708, 27, 11, '2017-10-05', '2017-10-30', 100.00, '2017-11-05'),
	(709, 27, 12, '2017-10-05', '2017-10-30', 100.00, '2017-11-05'),
	(710, 27, 13, '2017-10-05', '2017-10-30', 100.00, '2017-11-05'),
	(711, 27, 14, '2017-10-05', '2017-10-30', 100.00, '2017-11-05'),
	(712, 27, 15, '2017-10-05', '2017-10-30', 100.00, '2017-11-05'),
	(713, 27, 16, '2017-10-05', '2017-10-30', 100.00, '2017-11-05'),
	(714, 27, 17, '2017-10-05', '2017-10-30', 100.00, '2017-11-05'),
	(715, 27, 18, '2017-10-05', '2017-10-30', 100.00, '2017-11-05'),
	(716, 27, 19, '2017-10-05', '2017-10-30', 100.00, '2017-11-05'),
	(717, 27, 20, '2017-10-05', '2017-10-30', 100.00, '2017-11-05'),
	(718, 27, 21, '2017-10-05', '2017-10-30', 100.00, '2017-11-05'),
	(719, 27, 22, '2017-10-05', '2017-10-30', 100.00, '2017-11-05'),
	(720, 27, 23, '2017-10-05', '2017-10-30', 100.00, '2017-11-05'),
	(721, 27, 24, '2017-10-05', '2017-10-30', 100.00, '2017-11-05'),
	(722, 27, 25, '2017-10-05', '2017-10-30', 100.00, '2017-11-05'),
	(723, 27, 26, '2017-10-05', '2017-10-30', 100.00, '2017-11-05'),
	(724, 27, 27, '2017-10-05', '2017-10-30', 100.00, '2017-11-05'),
	(725, 27, 28, '2017-10-05', '2017-10-30', 100.00, '2017-11-05'),
	(726, 27, 52, '2017-10-05', '2017-10-30', 100.00, '2017-11-05'),
	(727, 27, 53, '2017-10-05', '2017-10-30', 100.00, '2017-11-05'),
	(728, 27, 54, '2017-10-05', '2017-10-30', 100.00, '2017-11-05'),
	(729, 27, 55, '2017-10-05', '2017-10-30', 100.00, '2017-11-05'),
	(730, 27, 56, '2017-10-05', '2017-10-30', 100.00, '2017-11-05'),
	(731, 28, 1, '2017-10-05', '2017-10-30', 100.00, '2017-11-05'),
	(732, 28, 2, '2017-10-05', '2017-10-30', 100.00, '2017-11-05'),
	(733, 28, 3, '2017-10-05', '2017-10-30', 100.00, '2017-11-05'),
	(734, 28, 4, '2017-10-05', '2017-10-30', 100.00, '2017-11-05'),
	(735, 28, 5, '2017-10-05', '2017-10-30', 100.00, '2017-11-05'),
	(736, 28, 6, '2017-10-05', '2017-10-30', 100.00, '2017-11-05'),
	(737, 28, 7, '2017-10-05', '2017-10-30', 100.00, '2017-11-05'),
	(738, 28, 34, '2017-10-05', '2017-10-30', 100.00, '2017-11-05'),
	(739, 28, 35, '2017-10-05', '2017-10-30', 100.00, '2017-11-05'),
	(740, 28, 36, '2017-10-05', '2017-10-30', 100.00, '2017-11-05'),
	(741, 28, 37, '2017-10-05', '2017-10-30', 100.00, '2017-11-05'),
	(742, 28, 38, '2017-10-05', '2017-10-30', 100.00, '2017-11-05'),
	(743, 28, 39, '2017-10-05', '2017-10-30', 100.00, '2017-11-05'),
	(744, 28, 40, '2017-10-05', '2017-10-30', 100.00, '2017-11-05'),
	(745, 28, 41, '2017-10-05', '2017-10-30', 100.00, '2017-11-05'),
	(746, 28, 42, '2017-10-05', '2017-10-30', 100.00, '2017-11-05'),
	(747, 29, 12, '2017-10-05', '2017-10-30', 100.00, '2017-11-05'),
	(748, 29, 13, '2017-10-05', '2017-10-30', 100.00, '2017-11-05'),
	(749, 29, 14, '2017-10-05', '2017-10-30', 100.00, '2017-11-05'),
	(750, 29, 15, '2017-10-05', '2017-10-30', 100.00, '2017-11-05'),
	(751, 29, 16, '2017-10-05', '2017-10-30', 100.00, '2017-11-05'),
	(752, 29, 17, '2017-10-05', '2017-10-30', 100.00, '2017-11-05'),
	(753, 29, 18, '2017-10-05', '2017-10-30', 100.00, '2017-11-05'),
	(754, 29, 19, '2017-10-05', '2017-10-30', 100.00, '2017-11-05'),
	(755, 29, 20, '2017-10-05', '2017-10-30', 100.00, '2017-11-05'),
	(756, 29, 21, '2017-10-05', '2017-10-30', 100.00, '2017-11-05'),
	(757, 29, 22, '2017-10-05', '2017-10-30', 100.00, '2017-11-05'),
	(758, 29, 23, '2017-10-05', '2017-10-30', 100.00, '2017-11-05'),
	(759, 29, 24, '2017-10-05', '2017-10-30', 100.00, '2017-11-05'),
	(760, 29, 25, '2017-10-05', '2017-10-30', 100.00, '2017-11-05'),
	(761, 29, 26, '2017-10-05', '2017-10-30', 100.00, '2017-11-05'),
	(762, 29, 27, '2017-10-05', '2017-10-30', 100.00, '2017-11-05'),
	(763, 29, 28, '2017-10-05', '2017-10-30', 100.00, '2017-11-05'),
	(764, 29, 29, '2017-10-05', '2017-10-30', 100.00, '2017-11-05'),
	(765, 29, 30, '2017-10-05', '2017-10-30', 100.00, '2017-11-05'),
	(766, 29, 31, '2017-10-05', '2017-10-30', 100.00, '2017-11-05'),
	(767, 29, 32, '2017-10-05', '2017-10-30', 100.00, '2017-11-05'),
	(768, 29, 33, '2017-10-05', '2017-10-30', 100.00, '2017-11-05'),
	(769, 30, 1, '2017-10-05', '2017-10-30', 100.00, '2017-11-05'),
	(770, 30, 2, '2017-10-05', '2017-10-30', 100.00, '2017-11-05'),
	(771, 30, 3, '2017-10-05', '2017-10-30', 100.00, '2017-11-05'),
	(772, 30, 4, '2017-10-05', '2017-10-30', 100.00, '2017-11-05'),
	(773, 30, 5, '2017-10-05', '2017-10-30', 100.00, '2017-11-05'),
	(774, 30, 6, '2017-10-05', '2017-10-30', 100.00, '2017-11-05'),
	(775, 30, 7, '2017-10-05', '2017-10-30', 100.00, '2017-11-05'),
	(776, 30, 8, '2017-10-05', '2017-10-30', 100.00, '2017-11-05'),
	(777, 30, 9, '2017-10-05', '2017-10-30', 100.00, '2017-11-05'),
	(778, 30, 10, '2017-10-05', '2017-10-30', 100.00, '2017-11-05'),
	(779, 30, 11, '2017-10-05', '2017-10-30', 100.00, '2017-11-05'),
	(780, 30, 12, '2017-10-05', '2017-10-30', 100.00, '2017-11-05'),
	(781, 30, 13, '2017-10-05', '2017-10-30', 100.00, '2017-11-05'),
	(782, 30, 14, '2017-10-05', '2017-10-30', 100.00, '2017-11-05'),
	(783, 30, 15, '2017-10-05', '2017-10-30', 100.00, '2017-11-05'),
	(784, 30, 16, '2017-10-05', '2017-10-30', 100.00, '2017-11-05'),
	(785, 30, 17, '2017-10-05', '2017-10-30', 100.00, '2017-11-05'),
	(786, 30, 18, '2017-10-05', '2017-10-30', 100.00, '2017-11-05'),
	(787, 30, 19, '2017-10-05', '2017-10-30', 100.00, '2017-11-05'),
	(788, 30, 20, '2017-10-05', '2017-10-30', 100.00, '2017-11-05'),
	(789, 30, 21, '2017-10-05', '2017-10-30', 100.00, '2017-11-05'),
	(790, 30, 22, '2017-10-05', '2017-10-30', 100.00, '2017-11-05'),
	(791, 30, 23, '2017-10-05', '2017-10-30', 100.00, '2017-11-05'),
	(792, 30, 24, '2017-10-05', '2017-10-30', 100.00, '2017-11-05'),
	(793, 30, 25, '2017-10-05', '2017-10-30', 100.00, '2017-11-05'),
	(794, 30, 26, '2017-10-05', '2017-10-30', 100.00, '2017-11-05'),
	(795, 30, 27, '2017-10-05', '2017-10-30', 100.00, '2017-11-05'),
	(796, 30, 28, '2017-10-05', '2017-10-30', 100.00, '2017-11-05'),
	(797, 30, 29, '2017-10-05', '2017-10-30', 100.00, '2017-11-05'),
	(798, 30, 30, '2017-10-05', '2017-10-30', 100.00, '2017-11-05'),
	(799, 30, 31, '2017-10-05', '2017-10-30', 100.00, '2017-11-05'),
	(800, 30, 32, '2017-10-05', '2017-10-30', 100.00, '2017-11-05'),
	(801, 30, 33, '2017-10-05', '2017-10-30', 100.00, '2017-11-05'),
	(802, 30, 34, '2017-10-05', '2017-10-30', 100.00, '2017-11-05'),
	(803, 30, 35, '2017-10-05', '2017-10-30', 100.00, '2017-11-05'),
	(804, 30, 36, '2017-10-05', '2017-10-30', 100.00, '2017-11-05'),
	(805, 30, 37, '2017-10-05', '2017-10-30', 100.00, '2017-11-05'),
	(806, 30, 38, '2017-10-05', '2017-10-30', 100.00, '2017-11-05'),
	(807, 30, 39, '2017-10-05', '2017-10-30', 100.00, '2017-11-05'),
	(808, 30, 40, '2017-10-05', '2017-10-30', 100.00, '2017-11-05'),
	(809, 30, 41, '2017-10-05', '2017-10-30', 100.00, '2017-11-05'),
	(810, 30, 42, '2017-10-05', '2017-10-30', 100.00, '2017-11-05'),
	(811, 30, 43, '2017-10-05', '2017-10-30', 100.00, '2017-11-05'),
	(812, 30, 44, '2017-10-05', '2017-10-30', 100.00, '2017-11-05'),
	(813, 30, 45, '2017-10-05', '2017-10-30', 100.00, '2017-11-05'),
	(814, 30, 46, '2017-10-05', '2017-10-30', 100.00, '2017-11-05'),
	(815, 30, 47, '2017-10-05', '2017-10-30', 100.00, '2017-11-05'),
	(816, 30, 48, '2017-10-05', '2017-10-30', 100.00, '2017-11-05'),
	(817, 30, 49, '2017-10-05', '2017-10-30', 100.00, '2017-11-05'),
	(818, 30, 50, '2017-10-05', '2017-10-30', 100.00, '2017-11-05'),
	(819, 30, 51, '2017-10-05', '2017-10-30', 100.00, '2017-11-05'),
	(820, 30, 52, '2017-10-05', '2017-10-30', 100.00, '2017-11-05'),
	(821, 30, 53, '2017-10-05', '2017-10-30', 100.00, '2017-11-05'),
	(822, 30, 54, '2017-10-05', '2017-10-30', 100.00, '2017-11-05'),
	(823, 30, 55, '2017-10-05', '2017-10-30', 100.00, '2017-11-05'),
	(824, 30, 56, '2017-10-05', '2017-10-30', 100.00, '2017-11-05'),
	(825, 31, 1, '2017-10-05', '2017-10-30', 100.00, '2017-11-05'),
	(826, 31, 2, '2017-10-05', '2017-10-30', 100.00, '2017-11-05'),
	(827, 31, 19, '2017-10-05', '2017-10-30', 100.00, '2017-11-05'),
	(828, 31, 20, '2017-10-05', '2017-10-30', 100.00, '2017-11-05'),
	(829, 31, 21, '2017-10-05', '2017-10-30', 100.00, '2017-11-05'),
	(830, 31, 22, '2017-10-05', '2017-10-30', 100.00, '2017-11-05'),
	(831, 31, 23, '2017-10-05', '2017-10-30', 100.00, '2017-11-05'),
	(832, 31, 24, '2017-10-05', '2017-10-30', 100.00, '2017-11-05'),
	(833, 31, 25, '2017-10-05', '2017-10-30', 100.00, '2017-11-05'),
	(834, 31, 26, '2017-10-05', '2017-10-30', 100.00, '2017-11-05'),
	(835, 31, 27, '2017-10-05', '2017-10-30', 100.00, '2017-11-05'),
	(836, 31, 28, '2017-10-05', '2017-10-30', 100.00, '2017-11-05'),
	(837, 31, 29, '2017-10-05', '2017-10-30', 100.00, '2017-11-05'),
	(838, 31, 30, '2017-10-05', '2017-10-30', 100.00, '2017-11-05'),
	(839, 31, 31, '2017-10-05', '2017-10-30', 100.00, '2017-11-05'),
	(840, 31, 32, '2017-10-05', '2017-10-30', 100.00, '2017-11-05'),
	(841, 31, 33, '2017-10-05', '2017-10-30', 100.00, '2017-11-05'),
	(842, 31, 34, '2017-10-05', '2017-10-30', 100.00, '2017-11-05'),
	(843, 31, 35, '2017-10-05', '2017-10-30', 100.00, '2017-11-05'),
	(844, 31, 36, '2017-10-05', '2017-10-30', 100.00, '2017-11-05'),
	(845, 31, 37, '2017-10-05', '2017-10-30', 100.00, '2017-11-05'),
	(846, 31, 38, '2017-10-05', '2017-10-30', 100.00, '2017-11-05'),
	(847, 31, 54, '2017-10-05', '2017-10-30', 100.00, '2017-11-05'),
	(848, 31, 55, '2017-10-05', '2017-10-30', 100.00, '2017-11-05'),
	(849, 31, 56, '2017-10-05', '2017-10-30', 100.00, '2017-11-05'),
	(850, 32, 1, '2017-10-05', '2017-10-30', 100.00, '2017-11-05'),
	(851, 32, 2, '2017-10-05', '2017-10-30', 100.00, '2017-11-05'),
	(852, 32, 3, '2017-10-05', '2017-10-30', 100.00, '2017-11-05'),
	(853, 32, 4, '2017-10-05', '2017-10-30', 100.00, '2017-11-05'),
	(854, 32, 5, '2017-10-05', '2017-10-30', 100.00, '2017-11-05'),
	(855, 32, 6, '2017-10-05', '2017-10-30', 100.00, '2017-11-05'),
	(856, 32, 7, '2017-10-05', '2017-10-30', 100.00, '2017-11-05'),
	(857, 32, 8, '2017-10-05', '2017-10-30', 100.00, '2017-11-05'),
	(858, 32, 9, '2017-10-05', '2017-10-30', 100.00, '2017-11-05'),
	(859, 32, 10, '2017-10-05', '2017-10-30', 100.00, '2017-11-05'),
	(860, 32, 11, '2017-10-05', '2017-10-30', 100.00, '2017-11-05'),
	(861, 32, 12, '2017-10-05', '2017-10-30', 100.00, '2017-11-05'),
	(862, 32, 13, '2017-10-05', '2017-10-30', 100.00, '2017-11-05'),
	(863, 32, 14, '2017-10-05', '2017-10-30', 100.00, '2017-11-05'),
	(864, 32, 15, '2017-10-05', '2017-10-30', 100.00, '2017-11-05'),
	(865, 32, 16, '2017-10-05', '2017-10-30', 100.00, '2017-11-05'),
	(866, 32, 35, '2017-10-05', '2017-10-30', 100.00, '2017-11-05'),
	(867, 32, 36, '2017-10-05', '2017-10-30', 100.00, '2017-11-05'),
	(868, 32, 37, '2017-10-05', '2017-10-30', 100.00, '2017-11-05'),
	(869, 32, 38, '2017-10-05', '2017-10-30', 100.00, '2017-11-05'),
	(870, 32, 39, '2017-10-05', '2017-10-30', 100.00, '2017-11-05'),
	(871, 32, 40, '2017-10-05', '2017-10-30', 100.00, '2017-11-05'),
	(872, 32, 41, '2017-10-05', '2017-10-30', 100.00, '2017-11-05'),
	(873, 32, 42, '2017-10-05', '2017-10-30', 100.00, '2017-11-05'),
	(874, 32, 43, '2017-10-05', '2017-10-30', 100.00, '2017-11-05'),
	(875, 32, 44, '2017-10-05', '2017-10-30', 100.00, '2017-11-05'),
	(876, 32, 45, '2017-10-05', '2017-10-30', 100.00, '2017-11-05'),
	(877, 32, 46, '2017-10-05', '2017-10-30', 100.00, '2017-11-05'),
	(878, 32, 47, '2017-10-05', '2017-10-30', 100.00, '2017-11-05'),
	(879, 32, 48, '2017-10-05', '2017-10-30', 100.00, '2017-11-05'),
	(880, 32, 49, '2017-10-05', '2017-10-30', 100.00, '2017-11-05'),
	(881, 32, 50, '2017-10-05', '2017-10-30', 100.00, '2017-11-05'),
	(882, 32, 51, '2017-10-05', '2017-10-30', 100.00, '2017-11-05'),
	(883, 32, 52, '2017-10-05', '2017-10-30', 100.00, '2017-11-05'),
	(884, 32, 53, '2017-10-05', '2017-10-30', 100.00, '2017-11-05'),
	(885, 32, 54, '2017-10-05', '2017-10-30', 100.00, '2017-11-05'),
	(886, 32, 55, '2017-10-05', '2017-10-30', 100.00, '2017-11-05'),
	(887, 32, 56, '2017-10-05', '2017-10-30', 100.00, '2017-11-05'),
	(888, 33, 1, '2017-10-05', '2017-10-30', 100.00, '2017-11-05'),
	(889, 33, 2, '2017-10-05', '2017-10-30', 100.00, '2017-11-05'),
	(890, 33, 3, '2017-10-05', '2017-10-30', 100.00, '2017-11-05'),
	(891, 33, 4, '2017-10-05', '2017-10-30', 100.00, '2017-11-05'),
	(892, 33, 22, '2017-10-05', '2017-10-30', 100.00, '2017-11-05'),
	(893, 33, 23, '2017-10-05', '2017-10-30', 100.00, '2017-11-05'),
	(894, 33, 24, '2017-10-05', '2017-10-30', 100.00, '2017-11-05'),
	(895, 33, 25, '2017-10-05', '2017-10-30', 100.00, '2017-11-05'),
	(896, 33, 26, '2017-10-05', '2017-10-30', 100.00, '2017-11-05'),
	(897, 33, 27, '2017-10-05', '2017-10-30', 100.00, '2017-11-05'),
	(898, 33, 28, '2017-10-05', '2017-10-30', 100.00, '2017-11-05'),
	(899, 33, 29, '2017-10-05', '2017-10-30', 100.00, '2017-11-05'),
	(900, 33, 30, '2017-10-05', '2017-10-30', 100.00, '2017-11-05'),
	(901, 33, 31, '2017-10-05', '2017-10-30', 100.00, '2017-11-05'),
	(902, 33, 32, '2017-10-05', '2017-10-30', 100.00, '2017-11-05'),
	(903, 33, 33, '2017-10-05', '2017-10-30', 100.00, '2017-11-05'),
	(904, 33, 34, '2017-10-05', '2017-10-30', 100.00, '2017-11-05'),
	(905, 33, 35, '2017-10-05', '2017-10-30', 100.00, '2017-11-05'),
	(906, 33, 36, '2017-10-05', '2017-10-30', 100.00, '2017-11-05'),
	(907, 33, 37, '2017-10-05', '2017-10-30', 100.00, '2017-11-05'),
	(908, 33, 38, '2017-10-05', '2017-10-30', 100.00, '2017-11-05'),
	(909, 33, 39, '2017-10-05', '2017-10-30', 100.00, '2017-11-05'),
	(910, 33, 40, '2017-10-05', '2017-10-30', 100.00, '2017-11-05'),
	(911, 34, 8, '2017-10-05', '2017-10-30', 100.00, '2017-11-05'),
	(912, 34, 9, '2017-10-05', '2017-10-30', 100.00, '2017-11-05'),
	(913, 34, 10, '2017-10-05', '2017-10-30', 100.00, '2017-11-05'),
	(914, 34, 11, '2017-10-05', '2017-10-30', 100.00, '2017-11-05'),
	(915, 34, 12, '2017-10-05', '2017-10-30', 100.00, '2017-11-05'),
	(916, 34, 13, '2017-10-05', '2017-10-30', 100.00, '2017-11-05'),
	(917, 34, 14, '2017-10-05', '2017-10-30', 100.00, '2017-11-05'),
	(918, 34, 15, '2017-10-05', '2017-10-30', 100.00, '2017-11-05'),
	(919, 34, 16, '2017-10-05', '2017-10-30', 100.00, '2017-11-05'),
	(920, 34, 17, '2017-10-05', '2017-10-30', 100.00, '2017-11-05'),
	(921, 34, 18, '2017-10-05', '2017-10-30', 100.00, '2017-11-05'),
	(922, 34, 19, '2017-10-05', '2017-10-30', 100.00, '2017-11-05'),
	(923, 34, 20, '2017-10-05', '2017-10-30', 100.00, '2017-11-05'),
	(924, 34, 21, '2017-10-05', '2017-10-30', 100.00, '2017-11-05'),
	(925, 34, 22, '2017-10-05', '2017-10-30', 100.00, '2017-11-05'),
	(926, 34, 23, '2017-10-05', '2017-10-30', 100.00, '2017-11-05'),
	(927, 34, 24, '2017-10-05', '2017-10-30', 100.00, '2017-11-05'),
	(928, 34, 25, '2017-10-05', '2017-10-30', 100.00, '2017-11-05'),
	(929, 34, 26, '2017-10-05', '2017-10-30', 100.00, '2017-11-05'),
	(930, 34, 27, '2017-10-05', '2017-10-30', 100.00, '2017-11-05'),
	(931, 34, 28, '2017-10-05', '2017-10-30', 100.00, '2017-11-05'),
	(932, 34, 29, '2017-10-05', '2017-10-30', 100.00, '2017-11-05'),
	(933, 34, 30, '2017-10-05', '2017-10-30', 100.00, '2017-11-05'),
	(934, 34, 31, '2017-10-05', '2017-10-30', 100.00, '2017-11-05'),
	(935, 34, 32, '2017-10-05', '2017-10-30', 100.00, '2017-11-05'),
	(936, 34, 33, '2017-10-05', '2017-10-30', 100.00, '2017-11-05'),
	(937, 34, 34, '2017-10-05', '2017-10-30', 100.00, '2017-11-05'),
	(938, 34, 35, '2017-10-05', '2017-10-30', 100.00, '2017-11-05'),
	(939, 34, 36, '2017-10-05', '2017-10-30', 100.00, '2017-11-05'),
	(940, 34, 37, '2017-10-05', '2017-10-30', 100.00, '2017-11-05'),
	(941, 34, 38, '2017-10-05', '2017-10-30', 100.00, '2017-11-05'),
	(942, 34, 39, '2017-10-05', '2017-10-30', 100.00, '2017-11-05'),
	(943, 34, 40, '2017-10-05', '2017-10-30', 100.00, '2017-11-05'),
	(944, 34, 41, '2017-10-05', '2017-10-30', 100.00, '2017-11-05'),
	(945, 34, 42, '2017-10-05', '2017-10-30', 100.00, '2017-11-05'),
	(946, 34, 43, '2017-10-05', '2017-10-30', 100.00, '2017-11-05'),
	(947, 34, 44, '2017-10-05', '2017-10-30', 100.00, '2017-11-05'),
	(948, 34, 45, '2017-10-05', '2017-10-30', 100.00, '2017-11-05'),
	(949, 34, 46, '2017-10-05', '2017-10-30', 100.00, '2017-11-05'),
	(950, 34, 47, '2017-10-05', '2017-10-30', 100.00, '2017-11-05'),
	(951, 34, 48, '2017-10-05', '2017-10-30', 100.00, '2017-11-05'),
	(952, 34, 49, '2017-10-05', '2017-10-30', 100.00, '2017-11-05'),
	(953, 34, 50, '2017-10-05', '2017-10-30', 100.00, '2017-11-05'),
	(954, 34, 51, '2017-10-05', '2017-10-30', 100.00, '2017-11-05'),
	(955, 34, 52, '2017-10-05', '2017-10-30', 100.00, '2017-11-05'),
	(956, 34, 53, '2017-10-05', '2017-10-30', 100.00, '2017-11-05'),
	(957, 34, 54, '2017-10-05', '2017-10-30', 100.00, '2017-11-05'),
	(958, 34, 55, '2017-10-05', '2017-10-30', 100.00, '2017-11-05'),
	(959, 34, 56, '2017-10-05', '2017-10-30', 100.00, '2017-11-05'),
	(960, 35, 1, '2017-10-05', '2017-10-30', 100.00, '2017-11-05'),
	(961, 35, 2, '2017-10-05', '2017-10-30', 100.00, '2017-11-05'),
	(962, 35, 22, '2017-10-05', '2017-10-30', 100.00, '2017-11-05'),
	(963, 35, 23, '2017-10-05', '2017-10-30', 100.00, '2017-11-05'),
	(964, 35, 24, '2017-10-05', '2017-10-30', 100.00, '2017-11-05'),
	(965, 35, 25, '2017-10-05', '2017-10-30', 100.00, '2017-11-05'),
	(966, 35, 26, '2017-10-05', '2017-10-30', 100.00, '2017-11-05'),
	(967, 35, 27, '2017-10-05', '2017-10-30', 100.00, '2017-11-05'),
	(968, 35, 28, '2017-10-05', '2017-10-30', 100.00, '2017-11-05'),
	(969, 35, 29, '2017-10-05', '2017-10-30', 100.00, '2017-11-05'),
	(970, 35, 30, '2017-10-05', '2017-10-30', 100.00, '2017-11-05'),
	(971, 35, 31, '2017-10-05', '2017-10-30', 100.00, '2017-11-05'),
	(972, 35, 32, '2017-10-05', '2017-10-30', 100.00, '2017-11-05'),
	(973, 35, 33, '2017-10-05', '2017-10-30', 100.00, '2017-11-05'),
	(974, 35, 34, '2017-10-05', '2017-10-30', 100.00, '2017-11-05'),
	(975, 35, 35, '2017-10-05', '2017-10-30', 100.00, '2017-11-05'),
	(976, 35, 36, '2017-10-05', '2017-10-30', 100.00, '2017-11-05'),
	(977, 35, 37, '2017-10-05', '2017-10-30', 100.00, '2017-11-05'),
	(978, 35, 38, '2017-10-05', '2017-10-30', 100.00, '2017-11-05'),
	(979, 35, 39, '2017-10-05', '2017-10-30', 100.00, '2017-11-05'),
	(980, 35, 40, '2017-10-05', '2017-10-30', 100.00, '2017-11-05'),
	(981, 35, 41, '2017-10-05', '2017-10-30', 100.00, '2017-11-05'),
	(982, 35, 42, '2017-10-05', '2017-10-30', 100.00, '2017-11-05'),
	(983, 35, 43, '2017-10-05', '2017-10-30', 100.00, '2017-11-05'),
	(984, 35, 44, '2017-10-05', '2017-10-30', 100.00, '2017-11-05'),
	(985, 35, 45, '2017-10-05', '2017-10-30', 100.00, '2017-11-05'),
	(986, 35, 46, '2017-10-05', '2017-10-30', 100.00, '2017-11-05'),
	(987, 35, 47, '2017-10-05', '2017-10-30', 100.00, '2017-11-05'),
	(988, 35, 48, '2017-10-05', '2017-10-30', 100.00, '2017-11-05'),
	(989, 35, 49, '2017-10-05', '2017-10-30', 100.00, '2017-11-05'),
	(990, 35, 50, '2017-10-05', '2017-10-30', 100.00, '2017-11-05'),
	(991, 36, 15, '2017-10-05', '2017-10-30', 100.00, '2017-11-05'),
	(992, 36, 16, '2017-10-05', '2017-10-30', 100.00, '2017-11-05'),
	(993, 36, 17, '2017-10-05', '2017-10-30', 100.00, '2017-11-05'),
	(994, 36, 18, '2017-10-05', '2017-10-30', 100.00, '2017-11-05'),
	(995, 36, 19, '2017-10-05', '2017-10-30', 100.00, '2017-11-05'),
	(996, 36, 20, '2017-10-05', '2017-10-30', 100.00, '2017-11-05'),
	(997, 36, 21, '2017-10-05', '2017-10-30', 100.00, '2017-11-05'),
	(998, 36, 22, '2017-10-05', '2017-10-30', 100.00, '2017-11-05'),
	(999, 36, 23, '2017-10-05', '2017-10-30', 100.00, '2017-11-05'),
	(1000, 36, 24, '2017-10-05', '2017-10-30', 100.00, '2017-11-05'),
	(1001, 36, 25, '2017-10-05', '2017-10-30', 100.00, '2017-11-05'),
	(1002, 36, 26, '2017-10-05', '2017-10-30', 100.00, '2017-11-05'),
	(1003, 36, 27, '2017-10-05', '2017-10-30', 100.00, '2017-11-05'),
	(1004, 36, 28, '2017-10-05', '2017-10-30', 100.00, '2017-11-05'),
	(1005, 36, 29, '2017-10-05', '2017-10-30', 100.00, '2017-11-05'),
	(1006, 36, 30, '2017-10-05', '2017-10-30', 100.00, '2017-11-05'),
	(1007, 36, 31, '2017-10-05', '2017-10-30', 100.00, '2017-11-05'),
	(1008, 36, 32, '2017-10-05', '2017-10-30', 100.00, '2017-11-05'),
	(1009, 36, 33, '2017-10-05', '2017-10-30', 100.00, '2017-11-05'),
	(1010, 36, 34, '2017-10-05', '2017-10-30', 100.00, '2017-11-05'),
	(1011, 36, 35, '2017-10-05', '2017-10-30', 100.00, '2017-11-05'),
	(1012, 36, 36, '2017-10-05', '2017-10-30', 100.00, '2017-11-05'),
	(1013, 36, 55, '2017-10-05', '2017-10-30', 100.00, '2017-11-05'),
	(1014, 36, 56, '2017-10-05', '2017-10-30', 100.00, '2017-11-05'),
	(1015, 37, 1, '2017-10-05', '2017-10-30', 100.00, '2017-11-05'),
	(1016, 37, 2, '2017-10-05', '2017-10-30', 100.00, '2017-11-05'),
	(1017, 37, 3, '2017-10-05', '2017-10-30', 100.00, '2017-11-05'),
	(1018, 37, 4, '2017-10-05', '2017-10-30', 100.00, '2017-11-05'),
	(1019, 37, 5, '2017-10-05', '2017-10-30', 100.00, '2017-11-05'),
	(1020, 37, 6, '2017-10-05', '2017-10-30', 100.00, '2017-11-05'),
	(1021, 37, 7, '2017-10-05', '2017-10-30', 100.00, '2017-11-05'),
	(1022, 37, 8, '2017-10-05', '2017-10-30', 100.00, '2017-11-05'),
	(1023, 37, 9, '2017-10-05', '2017-10-30', 100.00, '2017-11-05'),
	(1024, 37, 10, '2017-10-05', '2017-10-30', 100.00, '2017-11-05'),
	(1025, 37, 11, '2017-10-05', '2017-10-30', 100.00, '2017-11-05'),
	(1026, 37, 12, '2017-10-05', '2017-10-30', 100.00, '2017-11-05'),
	(1027, 37, 13, '2017-10-05', '2017-10-30', 100.00, '2017-11-05'),
	(1028, 37, 14, '2017-10-05', '2017-10-30', 100.00, '2017-11-05'),
	(1029, 37, 15, '2017-10-05', '2017-10-30', 100.00, '2017-11-05'),
	(1030, 37, 16, '2017-10-05', '2017-10-30', 100.00, '2017-11-05'),
	(1031, 37, 41, '2017-10-05', '2017-10-30', 100.00, '2017-11-05'),
	(1032, 37, 42, '2017-10-05', '2017-10-30', 100.00, '2017-11-05'),
	(1033, 37, 43, '2017-10-05', '2017-10-30', 100.00, '2017-11-05'),
	(1034, 37, 44, '2017-10-05', '2017-10-30', 100.00, '2017-11-05'),
	(1035, 37, 45, '2017-10-05', '2017-10-30', 100.00, '2017-11-05'),
	(1036, 37, 46, '2017-10-05', '2017-10-30', 100.00, '2017-11-05'),
	(1037, 37, 47, '2017-10-05', '2017-10-30', 100.00, '2017-11-05'),
	(1038, 37, 48, '2017-10-05', '2017-10-30', 100.00, '2017-11-05'),
	(1039, 37, 49, '2017-10-05', '2017-10-30', 100.00, '2017-11-05'),
	(1040, 37, 50, '2017-10-05', '2017-10-30', 100.00, '2017-11-05'),
	(1041, 37, 51, '2017-10-05', '2017-10-30', 100.00, '2017-11-05'),
	(1042, 37, 52, '2017-10-05', '2017-10-30', 100.00, '2017-11-05'),
	(1043, 37, 53, '2017-10-05', '2017-10-30', 100.00, '2017-11-05'),
	(1044, 37, 54, '2017-10-05', '2017-10-30', 100.00, '2017-11-05'),
	(1045, 37, 55, '2017-10-05', '2017-10-30', 100.00, '2017-11-05'),
	(1046, 37, 56, '2017-10-05', '2017-10-30', 100.00, '2017-11-05'),
	(1047, 38, 1, '2017-10-05', '2017-10-30', 100.00, '2017-11-05'),
	(1048, 38, 2, '2017-10-05', '2017-10-30', 100.00, '2017-11-05'),
	(1049, 38, 3, '2017-10-05', '2017-10-30', 100.00, '2017-11-05'),
	(1050, 38, 4, '2017-10-05', '2017-10-30', 100.00, '2017-11-05'),
	(1051, 38, 5, '2017-10-05', '2017-10-30', 100.00, '2017-11-05'),
	(1052, 38, 6, '2017-10-05', '2017-10-30', 100.00, '2017-11-05'),
	(1053, 38, 7, '2017-10-05', '2017-10-30', 100.00, '2017-11-05'),
	(1054, 38, 8, '2017-10-05', '2017-10-30', 100.00, '2017-11-05'),
	(1055, 38, 9, '2017-10-05', '2017-10-30', 100.00, '2017-11-05'),
	(1056, 38, 10, '2017-10-05', '2017-10-30', 100.00, '2017-11-05'),
	(1057, 38, 11, '2017-10-05', '2017-10-30', 100.00, '2017-11-05'),
	(1058, 38, 12, '2017-10-05', '2017-10-30', 100.00, '2017-11-05'),
	(1059, 38, 13, '2017-10-05', '2017-10-30', 100.00, '2017-11-05'),
	(1060, 38, 34, '2017-10-05', '2017-10-30', 100.00, '2017-11-05'),
	(1061, 38, 35, '2017-10-05', '2017-10-30', 100.00, '2017-11-05'),
	(1062, 38, 36, '2017-10-05', '2017-10-30', 100.00, '2017-11-05'),
	(1063, 38, 37, '2017-10-05', '2017-10-30', 100.00, '2017-11-05'),
	(1064, 38, 38, '2017-10-05', '2017-10-30', 100.00, '2017-11-05'),
	(1065, 38, 39, '2017-10-05', '2017-10-30', 100.00, '2017-11-05'),
	(1066, 38, 40, '2017-10-05', '2017-10-30', 100.00, '2017-11-05'),
	(1067, 38, 41, '2017-10-05', '2017-10-30', 100.00, '2017-11-05'),
	(1068, 38, 42, '2017-10-05', '2017-10-30', 100.00, '2017-11-05'),
	(1069, 38, 43, '2017-10-05', '2017-10-30', 100.00, '2017-11-05'),
	(1070, 38, 44, '2017-10-05', '2017-10-30', 100.00, '2017-11-05'),
	(1071, 38, 45, '2017-10-05', '2017-10-30', 100.00, '2017-11-05'),
	(1072, 38, 46, '2017-10-05', '2017-10-30', 100.00, '2017-11-05'),
	(1073, 38, 47, '2017-10-05', '2017-10-30', 100.00, '2017-11-05'),
	(1074, 38, 48, '2017-10-05', '2017-10-30', 100.00, '2017-11-05'),
	(1075, 38, 49, '2017-10-05', '2017-10-30', 100.00, '2017-11-05'),
	(1076, 38, 50, '2017-10-05', '2017-10-30', 100.00, '2017-11-05'),
	(1077, 38, 51, '2017-10-05', '2017-10-30', 100.00, '2017-11-05'),
	(1078, 38, 52, '2017-10-05', '2017-10-30', 100.00, '2017-11-05'),
	(1079, 38, 53, '2017-10-05', '2017-10-30', 100.00, '2017-11-05'),
	(1080, 38, 54, '2017-10-05', '2017-10-30', 100.00, '2017-11-05'),
	(1081, 38, 55, '2017-10-05', '2017-10-30', 100.00, '2017-11-05'),
	(1082, 38, 56, '2017-10-05', '2017-10-30', 100.00, '2017-11-05'),
	(1083, 39, 1, '2017-10-05', '2017-10-30', 100.00, '2017-11-05'),
	(1084, 39, 2, '2017-10-05', '2017-10-30', 100.00, '2017-11-05'),
	(1085, 39, 3, '2017-10-05', '2017-10-30', 100.00, '2017-11-05'),
	(1086, 39, 4, '2017-10-05', '2017-10-30', 100.00, '2017-11-05'),
	(1087, 39, 5, '2017-10-05', '2017-10-30', 100.00, '2017-11-05'),
	(1088, 39, 6, '2017-10-05', '2017-10-30', 100.00, '2017-11-05'),
	(1089, 39, 7, '2017-10-05', '2017-10-30', 100.00, '2017-11-05'),
	(1090, 39, 8, '2017-10-05', '2017-10-30', 100.00, '2017-11-05'),
	(1091, 39, 9, '2017-10-05', '2017-10-30', 100.00, '2017-11-05'),
	(1092, 39, 10, '2017-10-05', '2017-10-30', 100.00, '2017-11-05'),
	(1093, 39, 11, '2017-10-05', '2017-10-30', 100.00, '2017-11-05'),
	(1094, 39, 12, '2017-10-05', '2017-10-30', 100.00, '2017-11-05'),
	(1095, 39, 13, '2017-10-05', '2017-10-30', 100.00, '2017-11-05'),
	(1096, 39, 14, '2017-10-05', '2017-10-30', 100.00, '2017-11-05'),
	(1097, 39, 15, '2017-10-05', '2017-10-30', 100.00, '2017-11-05'),
	(1098, 39, 16, '2017-10-05', '2017-10-30', 100.00, '2017-11-05'),
	(1099, 39, 17, '2017-10-05', '2017-10-30', 100.00, '2017-11-05'),
	(1100, 39, 18, '2017-10-05', '2017-10-30', 100.00, '2017-11-05'),
	(1101, 39, 19, '2017-10-05', '2017-10-30', 100.00, '2017-11-05'),
	(1102, 39, 20, '2017-10-05', '2017-10-30', 100.00, '2017-11-05'),
	(1103, 39, 21, '2017-10-05', '2017-10-30', 100.00, '2017-11-05'),
	(1104, 39, 22, '2017-10-05', '2017-10-30', 100.00, '2017-11-05'),
	(1105, 39, 23, '2017-10-05', '2017-10-30', 100.00, '2017-11-05'),
	(1106, 39, 24, '2017-10-05', '2017-10-30', 100.00, '2017-11-05'),
	(1107, 39, 25, '2017-10-05', '2017-10-30', 100.00, '2017-11-05'),
	(1108, 39, 26, '2017-10-05', '2017-10-30', 100.00, '2017-11-05'),
	(1109, 39, 27, '2017-10-05', '2017-10-30', 100.00, '2017-11-05'),
	(1110, 39, 28, '2017-10-05', '2017-10-30', 100.00, '2017-11-05'),
	(1111, 39, 29, '2017-10-05', '2017-10-30', 100.00, '2017-11-05'),
	(1112, 39, 30, '2017-10-05', '2017-10-30', 100.00, '2017-11-05'),
	(1113, 39, 31, '2017-10-05', '2017-10-30', 100.00, '2017-11-05'),
	(1114, 39, 32, '2017-10-05', '2017-10-30', 100.00, '2017-11-05'),
	(1115, 39, 33, '2017-10-05', '2017-10-30', 100.00, '2017-11-05'),
	(1116, 39, 34, '2017-10-05', '2017-10-30', 100.00, '2017-11-05'),
	(1117, 39, 35, '2017-10-05', '2017-10-30', 100.00, '2017-11-05'),
	(1118, 39, 36, '2017-10-05', '2017-10-30', 100.00, '2017-11-05'),
	(1119, 39, 37, '2017-10-05', '2017-10-30', 100.00, '2017-11-05'),
	(1120, 39, 38, '2017-10-05', '2017-10-30', 100.00, '2017-11-05'),
	(1121, 39, 39, '2017-10-05', '2017-10-30', 100.00, '2017-11-05'),
	(1122, 39, 40, '2017-10-05', '2017-10-30', 100.00, '2017-11-05'),
	(1123, 39, 41, '2017-10-05', '2017-10-30', 100.00, '2017-11-05'),
	(1124, 39, 42, '2017-10-05', '2017-10-30', 100.00, '2017-11-05'),
	(1125, 39, 43, '2017-10-05', '2017-10-30', 100.00, '2017-11-05'),
	(1126, 39, 44, '2017-10-05', '2017-10-30', 100.00, '2017-11-05'),
	(1127, 39, 45, '2017-10-05', '2017-10-30', 100.00, '2017-11-05'),
	(1128, 39, 46, '2017-10-05', '2017-10-30', 100.00, '2017-11-05'),
	(1129, 39, 47, '2017-10-05', '2017-10-30', 100.00, '2017-11-05'),
	(1130, 39, 48, '2017-10-05', '2017-10-30', 100.00, '2017-11-05'),
	(1131, 39, 49, '2017-10-05', '2017-10-30', 100.00, '2017-11-05'),
	(1132, 39, 50, '2017-10-05', '2017-10-30', 100.00, '2017-11-05'),
	(1133, 39, 51, '2017-10-05', '2017-10-30', 100.00, '2017-11-05'),
	(1134, 39, 52, '2017-10-05', '2017-10-30', 100.00, '2017-11-05'),
	(1135, 39, 53, '2017-10-05', '2017-10-30', 100.00, '2017-11-05'),
	(1136, 39, 54, '2017-10-05', '2017-10-30', 100.00, '2017-11-05'),
	(1137, 39, 55, '2017-10-05', '2017-10-30', 100.00, '2017-11-05'),
	(1138, 39, 56, '2017-10-05', '2017-10-30', 100.00, '2017-11-05'),
	(1139, 40, 17, '2017-10-05', '2017-10-30', 100.00, '2017-11-05'),
	(1140, 40, 18, '2017-10-05', '2017-10-30', 100.00, '2017-11-05'),
	(1141, 40, 19, '2017-10-05', '2017-10-30', 100.00, '2017-11-05'),
	(1142, 40, 20, '2017-10-05', '2017-10-30', 100.00, '2017-11-05'),
	(1143, 40, 21, '2017-10-05', '2017-10-30', 100.00, '2017-11-05'),
	(1144, 40, 22, '2017-10-05', '2017-10-30', 100.00, '2017-11-05'),
	(1145, 40, 23, '2017-10-05', '2017-10-30', 100.00, '2017-11-05'),
	(1146, 40, 24, '2017-10-05', '2017-10-30', 100.00, '2017-11-05'),
	(1147, 40, 25, '2017-10-05', '2017-10-30', 100.00, '2017-11-05'),
	(1148, 40, 26, '2017-10-05', '2017-10-30', 100.00, '2017-11-05'),
	(1149, 40, 27, '2017-10-05', '2017-10-30', 100.00, '2017-11-05'),
	(1150, 40, 28, '2017-10-05', '2017-10-30', 100.00, '2017-11-05'),
	(1151, 40, 29, '2017-10-05', '2017-10-30', 100.00, '2017-11-05'),
	(1152, 40, 30, '2017-10-05', '2017-10-30', 100.00, '2017-11-05'),
	(1153, 40, 53, '2017-10-05', '2017-10-30', 100.00, '2017-11-05'),
	(1154, 40, 54, '2017-10-05', '2017-10-30', 100.00, '2017-11-05'),
	(1155, 40, 55, '2017-10-05', '2017-10-30', 100.00, '2017-11-05'),
	(1156, 40, 56, '2017-10-05', '2017-10-30', 100.00, '2017-11-05'),
	(1157, 41, 1, '2017-10-05', '2017-10-30', 100.00, '2017-11-05'),
	(1158, 41, 2, '2017-10-05', '2017-10-30', 100.00, '2017-11-05'),
	(1159, 41, 3, '2017-10-05', '2017-10-30', 100.00, '2017-11-05'),
	(1160, 41, 4, '2017-10-05', '2017-10-30', 100.00, '2017-11-05'),
	(1161, 41, 5, '2017-10-05', '2017-10-30', 100.00, '2017-11-05'),
	(1162, 41, 6, '2017-10-05', '2017-10-30', 100.00, '2017-11-05'),
	(1163, 41, 7, '2017-10-05', '2017-10-30', 100.00, '2017-11-05'),
	(1164, 41, 8, '2017-10-05', '2017-10-30', 100.00, '2017-11-05'),
	(1165, 41, 9, '2017-10-05', '2017-10-30', 100.00, '2017-11-05'),
	(1166, 41, 10, '2017-10-05', '2017-10-30', 100.00, '2017-11-05'),
	(1167, 41, 11, '2017-10-05', '2017-10-30', 100.00, '2017-11-05'),
	(1168, 41, 12, '2017-10-05', '2017-10-30', 100.00, '2017-11-05'),
	(1169, 41, 13, '2017-10-05', '2017-10-30', 100.00, '2017-11-05'),
	(1170, 41, 14, '2017-10-05', '2017-10-30', 100.00, '2017-11-05'),
	(1171, 41, 15, '2017-10-05', '2017-10-30', 100.00, '2017-11-05'),
	(1172, 41, 16, '2017-10-05', '2017-10-30', 100.00, '2017-11-05'),
	(1173, 41, 17, '2017-10-05', '2017-10-30', 100.00, '2017-11-05'),
	(1174, 41, 18, '2017-10-05', '2017-10-30', 100.00, '2017-11-05'),
	(1175, 41, 19, '2017-10-05', '2017-10-30', 100.00, '2017-11-05'),
	(1176, 41, 42, '2017-10-05', '2017-10-30', 100.00, '2017-11-05'),
	(1177, 41, 43, '2017-10-05', '2017-10-30', 100.00, '2017-11-05'),
	(1178, 41, 44, '2017-10-05', '2017-10-30', 100.00, '2017-11-05'),
	(1179, 41, 45, '2017-10-05', '2017-10-30', 100.00, '2017-11-05'),
	(1180, 41, 46, '2017-10-05', '2017-10-30', 100.00, '2017-11-05'),
	(1181, 41, 47, '2017-10-05', '2017-10-30', 100.00, '2017-11-05'),
	(1182, 41, 48, '2017-10-05', '2017-10-30', 100.00, '2017-11-05'),
	(1183, 41, 49, '2017-10-05', '2017-10-30', 100.00, '2017-11-05'),
	(1184, 41, 50, '2017-10-05', '2017-10-30', 100.00, '2017-11-05'),
	(1185, 41, 51, '2017-10-05', '2017-10-30', 100.00, '2017-11-05'),
	(1186, 41, 52, '2017-10-05', '2017-10-30', 100.00, '2017-11-05'),
	(1187, 41, 53, '2017-10-05', '2017-10-30', 100.00, '2017-11-05'),
	(1188, 41, 54, '2017-10-05', '2017-10-30', 100.00, '2017-11-05'),
	(1189, 41, 55, '2017-10-05', '2017-10-30', 100.00, '2017-11-05'),
	(1190, 41, 56, '2017-10-05', '2017-10-30', 100.00, '2017-11-05'),
	(1191, 42, 1, '2017-10-05', '2017-10-30', 100.00, '2017-11-05'),
	(1192, 42, 2, '2017-10-05', '2017-10-30', 100.00, '2017-11-05'),
	(1193, 42, 3, '2017-10-05', '2017-10-30', 100.00, '2017-11-05'),
	(1194, 42, 4, '2017-10-05', '2017-10-30', 100.00, '2017-11-05'),
	(1195, 42, 5, '2017-10-05', '2017-10-30', 100.00, '2017-11-05'),
	(1196, 42, 6, '2017-10-05', '2017-10-30', 100.00, '2017-11-05'),
	(1197, 42, 7, '2017-10-05', '2017-10-30', 100.00, '2017-11-05'),
	(1198, 42, 8, '2017-10-05', '2017-10-30', 100.00, '2017-11-05'),
	(1199, 42, 9, '2017-10-05', '2017-10-30', 100.00, '2017-11-05'),
	(1200, 42, 10, '2017-10-05', '2017-10-30', 100.00, '2017-11-05'),
	(1201, 42, 11, '2017-10-05', '2017-10-30', 100.00, '2017-11-05'),
	(1202, 42, 33, '2017-10-05', '2017-10-30', 100.00, '2017-11-05'),
	(1203, 42, 34, '2017-10-05', '2017-10-30', 100.00, '2017-11-05'),
	(1204, 42, 35, '2017-10-05', '2017-10-30', 100.00, '2017-11-05'),
	(1205, 42, 36, '2017-10-05', '2017-10-30', 100.00, '2017-11-05'),
	(1206, 42, 37, '2017-10-05', '2017-10-30', 100.00, '2017-11-05'),
	(1207, 42, 38, '2017-10-05', '2017-10-30', 100.00, '2017-11-05'),
	(1208, 42, 39, '2017-10-05', '2017-10-30', 100.00, '2017-11-05'),
	(1209, 42, 40, '2017-10-05', '2017-10-30', 100.00, '2017-11-05'),
	(1210, 42, 41, '2017-10-05', '2017-10-30', 100.00, '2017-11-05'),
	(1211, 42, 42, '2017-10-05', '2017-10-30', 100.00, '2017-11-05'),
	(1212, 42, 43, '2017-10-05', '2017-10-30', 100.00, '2017-11-05'),
	(1213, 42, 44, '2017-10-05', '2017-10-30', 100.00, '2017-11-05'),
	(1214, 42, 45, '2017-10-05', '2017-10-30', 100.00, '2017-11-05'),
	(1215, 42, 46, '2017-10-05', '2017-10-30', 100.00, '2017-11-05'),
	(1216, 42, 47, '2017-10-05', '2017-10-30', 100.00, '2017-11-05'),
	(1217, 42, 48, '2017-10-05', '2017-10-30', 100.00, '2017-11-05'),
	(1218, 42, 49, '2017-10-05', '2017-10-30', 100.00, '2017-11-05'),
	(1219, 42, 50, '2017-10-05', '2017-10-30', 100.00, '2017-11-05'),
	(1220, 42, 51, '2017-10-05', '2017-10-30', 100.00, '2017-11-05'),
	(1221, 42, 52, '2017-10-05', '2017-10-30', 100.00, '2017-11-05'),
	(1222, 42, 53, '2017-10-05', '2017-10-30', 100.00, '2017-11-05'),
	(1223, 42, 54, '2017-10-05', '2017-10-30', 100.00, '2017-11-05'),
	(1224, 43, 15, '2017-10-05', '2017-10-30', 100.00, '2017-11-05'),
	(1225, 43, 16, '2017-10-05', '2017-10-30', 100.00, '2017-11-05'),
	(1226, 43, 17, '2017-10-05', '2017-10-30', 100.00, '2017-11-05'),
	(1227, 43, 18, '2017-10-05', '2017-10-30', 100.00, '2017-11-05'),
	(1228, 43, 19, '2017-10-05', '2017-10-30', 100.00, '2017-11-05'),
	(1229, 43, 20, '2017-10-05', '2017-10-30', 100.00, '2017-11-05'),
	(1230, 43, 21, '2017-10-05', '2017-10-30', 100.00, '2017-11-05'),
	(1231, 43, 22, '2017-10-05', '2017-10-30', 100.00, '2017-11-05'),
	(1232, 43, 23, '2017-10-05', '2017-10-30', 100.00, '2017-11-05'),
	(1233, 43, 24, '2017-10-05', '2017-10-30', 100.00, '2017-11-05'),
	(1234, 43, 25, '2017-10-05', '2017-10-30', 100.00, '2017-11-05'),
	(1235, 43, 26, '2017-10-05', '2017-10-30', 100.00, '2017-11-05'),
	(1236, 43, 27, '2017-10-05', '2017-10-30', 100.00, '2017-11-05'),
	(1237, 43, 28, '2017-10-05', '2017-10-30', 100.00, '2017-11-05'),
	(1238, 43, 29, '2017-10-05', '2017-10-30', 100.00, '2017-11-05'),
	(1239, 43, 30, '2017-10-05', '2017-10-30', 100.00, '2017-11-05'),
	(1240, 43, 31, '2017-10-05', '2017-10-30', 100.00, '2017-11-05'),
	(1241, 43, 32, '2017-10-05', '2017-10-30', 100.00, '2017-11-05'),
	(1242, 43, 33, '2017-10-05', '2017-10-30', 100.00, '2017-11-05'),
	(1243, 43, 34, '2017-10-05', '2017-10-30', 100.00, '2017-11-05'),
	(1244, 43, 35, '2017-10-05', '2017-10-30', 100.00, '2017-11-05'),
	(1245, 43, 36, '2017-10-05', '2017-10-30', 100.00, '2017-11-05'),
	(1246, 43, 37, '2017-10-05', '2017-10-30', 100.00, '2017-11-05'),
	(1247, 43, 38, '2017-10-05', '2017-10-30', 100.00, '2017-11-05'),
	(1248, 43, 39, '2017-10-05', '2017-10-30', 100.00, '2017-11-05'),
	(1249, 43, 40, '2017-10-05', '2017-10-30', 100.00, '2017-11-05'),
	(1250, 43, 41, '2017-10-05', '2017-10-30', 100.00, '2017-11-05'),
	(1251, 43, 42, '2017-10-05', '2017-10-30', 100.00, '2017-11-05'),
	(1252, 43, 43, '2017-10-05', '2017-10-30', 100.00, '2017-11-05'),
	(1253, 43, 44, '2017-10-05', '2017-10-30', 100.00, '2017-11-05'),
	(1254, 43, 45, '2017-10-05', '2017-10-30', 100.00, '2017-11-05'),
	(1255, 43, 46, '2017-10-05', '2017-10-30', 100.00, '2017-11-05'),
	(1256, 43, 47, '2017-10-05', '2017-10-30', 100.00, '2017-11-05'),
	(1257, 43, 48, '2017-10-05', '2017-10-30', 100.00, '2017-11-05'),
	(1258, 43, 49, '2017-10-05', '2017-10-30', 100.00, '2017-11-05'),
	(1259, 43, 50, '2017-10-05', '2017-10-30', 100.00, '2017-11-05'),
	(1260, 43, 51, '2017-10-05', '2017-10-30', 100.00, '2017-11-05'),
	(1261, 43, 52, '2017-10-05', '2017-10-30', 100.00, '2017-11-05'),
	(1262, 43, 53, '2017-10-05', '2017-10-30', 100.00, '2017-11-05'),
	(1263, 43, 54, '2017-10-05', '2017-10-30', 100.00, '2017-11-05'),
	(1264, 43, 55, '2017-10-05', '2017-10-30', 100.00, '2017-11-05'),
	(1265, 43, 56, '2017-10-05', '2017-10-30', 100.00, '2017-11-05'),
	(1266, 44, 1, '2017-10-05', '2017-10-30', 100.00, '2017-11-05'),
	(1267, 44, 2, '2017-10-05', '2017-10-30', 100.00, '2017-11-05'),
	(1268, 44, 3, '2017-10-05', '2017-10-30', 100.00, '2017-11-05'),
	(1269, 44, 4, '2017-10-05', '2017-10-30', 100.00, '2017-11-05'),
	(1270, 44, 5, '2017-10-05', '2017-10-30', 100.00, '2017-11-05'),
	(1271, 44, 6, '2017-10-05', '2017-10-30', 100.00, '2017-11-05'),
	(1272, 44, 7, '2017-10-05', '2017-10-30', 100.00, '2017-11-05'),
	(1273, 44, 8, '2017-10-05', '2017-10-30', 100.00, '2017-11-05'),
	(1274, 44, 9, '2017-10-05', '2017-10-30', 100.00, '2017-11-05'),
	(1275, 44, 10, '2017-10-05', '2017-10-30', 100.00, '2017-11-05'),
	(1276, 44, 11, '2017-10-05', '2017-10-30', 100.00, '2017-11-05'),
	(1277, 44, 12, '2017-10-05', '2017-10-30', 100.00, '2017-11-05'),
	(1278, 44, 13, '2017-10-05', '2017-10-30', 100.00, '2017-11-05'),
	(1279, 44, 14, '2017-10-05', '2017-10-30', 100.00, '2017-11-05'),
	(1280, 44, 15, '2017-10-05', '2017-10-30', 100.00, '2017-11-05'),
	(1281, 44, 16, '2017-10-05', '2017-10-30', 100.00, '2017-11-05'),
	(1282, 44, 17, '2017-10-05', '2017-10-30', 100.00, '2017-11-05'),
	(1283, 44, 18, '2017-10-05', '2017-10-30', 100.00, '2017-11-05'),
	(1284, 44, 19, '2017-10-05', '2017-10-30', 100.00, '2017-11-05'),
	(1285, 44, 20, '2017-10-05', '2017-10-30', 100.00, '2017-11-05'),
	(1286, 44, 21, '2017-10-05', '2017-10-30', 100.00, '2017-11-05'),
	(1287, 44, 22, '2017-10-05', '2017-10-30', 100.00, '2017-11-05'),
	(1288, 44, 23, '2017-10-05', '2017-10-30', 100.00, '2017-11-05'),
	(1289, 44, 24, '2017-10-05', '2017-10-30', 100.00, '2017-11-05'),
	(1290, 44, 25, '2017-10-05', '2017-10-30', 100.00, '2017-11-05'),
	(1291, 44, 26, '2017-10-05', '2017-10-30', 100.00, '2017-11-05'),
	(1292, 44, 27, '2017-10-05', '2017-10-30', 100.00, '2017-11-05'),
	(1293, 44, 28, '2017-10-05', '2017-10-30', 100.00, '2017-11-05'),
	(1294, 44, 29, '2017-10-05', '2017-10-30', 100.00, '2017-11-05'),
	(1295, 44, 30, '2017-10-05', '2017-10-30', 100.00, '2017-11-05'),
	(1296, 44, 31, '2017-10-05', '2017-10-30', 100.00, '2017-11-05'),
	(1297, 44, 32, '2017-10-05', '2017-10-30', 100.00, '2017-11-05'),
	(1298, 44, 33, '2017-10-05', '2017-10-30', 100.00, '2017-11-05'),
	(1299, 44, 34, '2017-10-05', '2017-10-30', 100.00, '2017-11-05'),
	(1300, 44, 35, '2017-10-05', '2017-10-30', 100.00, '2017-11-05'),
	(1301, 44, 36, '2017-10-05', '2017-10-30', 100.00, '2017-11-05'),
	(1302, 44, 37, '2017-10-05', '2017-10-30', 100.00, '2017-11-05'),
	(1303, 44, 38, '2017-10-05', '2017-10-30', 100.00, '2017-11-05'),
	(1304, 44, 39, '2017-10-05', '2017-10-30', 100.00, '2017-11-05'),
	(1305, 44, 40, '2017-10-05', '2017-10-30', 100.00, '2017-11-05'),
	(1306, 44, 41, '2017-10-05', '2017-10-30', 100.00, '2017-11-05'),
	(1307, 44, 42, '2017-10-05', '2017-10-30', 100.00, '2017-11-05'),
	(1308, 44, 43, '2017-10-05', '2017-10-30', 100.00, '2017-11-05'),
	(1309, 44, 44, '2017-10-05', '2017-10-30', 100.00, '2017-11-05'),
	(1310, 44, 45, '2017-10-05', '2017-10-30', 100.00, '2017-11-05'),
	(1311, 44, 46, '2017-10-05', '2017-10-30', 100.00, '2017-11-05'),
	(1312, 44, 47, '2017-10-05', '2017-10-30', 100.00, '2017-11-05'),
	(1313, 44, 48, '2017-10-05', '2017-10-30', 100.00, '2017-11-05'),
	(1314, 44, 49, '2017-10-05', '2017-10-30', 100.00, '2017-11-05'),
	(1315, 44, 50, '2017-10-05', '2017-10-30', 100.00, '2017-11-05'),
	(1316, 44, 51, '2017-10-05', '2017-10-30', 100.00, '2017-11-05'),
	(1317, 44, 52, '2017-10-05', '2017-10-30', 100.00, '2017-11-05'),
	(1318, 44, 53, '2017-10-05', '2017-10-30', 100.00, '2017-11-05'),
	(1319, 44, 54, '2017-10-05', '2017-10-30', 100.00, '2017-11-05'),
	(1320, 44, 55, '2017-10-05', '2017-10-30', 100.00, '2017-11-05'),
	(1321, 44, 56, '2017-10-05', '2017-10-30', 100.00, '2017-11-05'),
	(1322, 46, 49, '2017-10-05', '2017-10-30', 100.00, '2017-11-05'),
	(1323, 46, 50, '2017-10-05', '2017-10-30', 100.00, '2017-11-05'),
	(1324, 46, 51, '2017-10-05', '2017-10-30', 100.00, '2017-11-05'),
	(1325, 46, 52, '2017-10-05', '2017-10-30', 100.00, '2017-11-05'),
	(1326, 46, 53, '2017-10-05', '2017-10-30', 100.00, '2017-11-05'),
	(1327, 46, 54, '2017-10-05', '2017-10-30', 100.00, '2017-11-05'),
	(1328, 46, 55, '2017-10-05', '2017-10-30', 100.00, '2017-11-05'),
	(1329, 46, 56, '2017-10-05', '2017-10-30', 100.00, '2017-11-05'),
	(1330, 47, 1, '2017-10-05', '2017-10-30', 100.00, '2017-11-05'),
	(1331, 47, 2, '2017-10-05', '2017-10-30', 100.00, '2017-11-05'),
	(1332, 47, 3, '2017-10-05', '2017-10-30', 100.00, '2017-11-05'),
	(1333, 47, 4, '2017-10-05', '2017-10-30', 100.00, '2017-11-05'),
	(1334, 47, 5, '2017-10-05', '2017-10-30', 100.00, '2017-11-05'),
	(1335, 47, 6, '2017-10-05', '2017-10-30', 100.00, '2017-11-05'),
	(1336, 47, 7, '2017-10-05', '2017-10-30', 100.00, '2017-11-05'),
	(1337, 47, 8, '2017-10-05', '2017-10-30', 100.00, '2017-11-05'),
	(1338, 47, 9, '2017-10-05', '2017-10-30', 100.00, '2017-11-05'),
	(1339, 47, 10, '2017-10-05', '2017-10-30', 100.00, '2017-11-05'),
	(1340, 47, 11, '2017-10-05', '2017-10-30', 100.00, '2017-11-05'),
	(1341, 47, 12, '2017-10-05', '2017-10-30', 100.00, '2017-11-05'),
	(1342, 47, 13, '2017-10-05', '2017-10-30', 100.00, '2017-11-05'),
	(1343, 47, 14, '2017-10-05', '2017-10-30', 100.00, '2017-11-05'),
	(1344, 47, 15, '2017-10-05', '2017-10-30', 100.00, '2017-11-05'),
	(1345, 47, 16, '2017-10-05', '2017-10-30', 100.00, '2017-11-05'),
	(1346, 47, 17, '2017-10-05', '2017-10-30', 100.00, '2017-11-05'),
	(1347, 47, 18, '2017-10-05', '2017-10-30', 100.00, '2017-11-05'),
	(1348, 47, 19, '2017-10-05', '2017-10-30', 100.00, '2017-11-05'),
	(1349, 47, 20, '2017-10-05', '2017-10-30', 100.00, '2017-11-05'),
	(1350, 47, 21, '2017-10-05', '2017-10-30', 100.00, '2017-11-05'),
	(1351, 47, 22, '2017-10-05', '2017-10-30', 100.00, '2017-11-05'),
	(1352, 47, 23, '2017-10-05', '2017-10-30', 100.00, '2017-11-05'),
	(1353, 47, 24, '2017-10-05', '2017-10-30', 100.00, '2017-11-05'),
	(1354, 47, 25, '2017-10-05', '2017-10-30', 100.00, '2017-11-05'),
	(1355, 47, 26, '2017-10-05', '2017-10-30', 100.00, '2017-11-05'),
	(1356, 47, 27, '2017-10-05', '2017-10-30', 100.00, '2017-11-05'),
	(1357, 47, 28, '2017-10-05', '2017-10-30', 100.00, '2017-11-05'),
	(1358, 47, 29, '2017-10-05', '2017-10-30', 100.00, '2017-11-05'),
	(1359, 47, 30, '2017-10-05', '2017-10-30', 100.00, '2017-11-05'),
	(1360, 47, 31, '2017-10-05', '2017-10-30', 100.00, '2017-11-05'),
	(1361, 47, 32, '2017-10-05', '2017-10-30', 100.00, '2017-11-05'),
	(1362, 47, 33, '2017-10-05', '2017-10-30', 100.00, '2017-11-05'),
	(1363, 47, 34, '2017-10-05', '2017-10-30', 100.00, '2017-11-05'),
	(1364, 47, 35, '2017-10-05', '2017-10-30', 100.00, '2017-11-05'),
	(1365, 47, 36, '2017-10-05', '2017-10-30', 100.00, '2017-11-05'),
	(1366, 47, 37, '2017-10-05', '2017-10-30', 100.00, '2017-11-05'),
	(1367, 47, 38, '2017-10-05', '2017-10-30', 100.00, '2017-11-05'),
	(1368, 47, 39, '2017-10-05', '2017-10-30', 100.00, '2017-11-05'),
	(1369, 47, 40, '2017-10-05', '2017-10-30', 100.00, '2017-11-05'),
	(1370, 47, 41, '2017-10-05', '2017-10-30', 100.00, '2017-11-05'),
	(1371, 47, 42, '2017-10-05', '2017-10-30', 100.00, '2017-11-05'),
	(1372, 47, 43, '2017-10-05', '2017-10-30', 100.00, '2017-11-05'),
	(1373, 47, 44, '2017-10-05', '2017-10-30', 100.00, '2017-11-05'),
	(1374, 47, 45, '2017-10-05', '2017-10-30', 100.00, '2017-11-05'),
	(1375, 47, 46, '2017-10-05', '2017-10-30', 100.00, '2017-11-05'),
	(1376, 47, 47, '2017-10-05', '2017-10-30', 100.00, '2017-11-05'),
	(1377, 47, 48, '2017-10-05', '2017-10-30', 100.00, '2017-11-05'),
	(1378, 47, 49, '2017-10-05', '2017-10-30', 100.00, '2017-11-05'),
	(1379, 47, 50, '2017-10-05', '2017-10-30', 100.00, '2017-11-05'),
	(1380, 47, 51, '2017-10-05', '2017-10-30', 100.00, '2017-11-05'),
	(1381, 47, 52, '2017-10-05', '2017-10-30', 100.00, '2017-11-05'),
	(1382, 47, 53, '2017-10-05', '2017-10-30', 100.00, '2017-11-05'),
	(1383, 47, 54, '2017-10-05', '2017-10-30', 100.00, '2017-11-05'),
	(1384, 47, 55, '2017-10-05', '2017-10-30', 100.00, '2017-11-05'),
	(1385, 47, 56, '2017-10-05', '2017-10-30', 100.00, '2017-11-05');
/*!40000 ALTER TABLE `atuacoes` ENABLE KEYS */;

-- Copiando estrutura para tabela lbtar2.autores
CREATE TABLE IF NOT EXISTS `autores` (
  `pkautor` smallint(6) unsigned NOT NULL,
  `txnomeautor` varchar(250) COLLATE utf8_bin NOT NULL,
  `fklogradouro` smallint(6) unsigned DEFAULT NULL,
  `txcomplemento` varchar(80) COLLATE utf8_bin DEFAULT NULL,
  `nucep` char(8) COLLATE utf8_bin DEFAULT NULL,
  `dtnascimento` date DEFAULT NULL,
  `dtcadautor` date NOT NULL,
  PRIMARY KEY (`pkautor`),
  KEY `ifklogradouro` (`fklogradouro`),
  CONSTRAINT `fkautoreslogradouro` FOREIGN KEY (`fklogradouro`) REFERENCES `logradouros` (`pklogradouro`)
) ENGINE=InnoDB DEFAULT CHARSET=utf8 COLLATE=utf8_bin COMMENT='autoresx';

-- Copiando dados para a tabela lbtar2.autores: ~8 rows (aproximadamente)
/*!40000 ALTER TABLE `autores` DISABLE KEYS */;
INSERT INTO `autores` (`pkautor`, `txnomeautor`, `fklogradouro`, `txcomplemento`, `nucep`, `dtnascimento`, `dtcadautor`) VALUES
	(5, 'Carlos Drummond de Andrade', 600, ' 985', '12345678', '1902-10-31', '2013-03-20'),
	(10, 'Liev Tolstoi', 460, ' 1254', '15452145', '1828-09-09', '2010-10-10'),
	(15, 'Cecília Benevides de Carvalho Meireles da silva', 590, ' Km 289', '02342345', '1901-11-07', '2009-10-10'),
	(20, 'Ignácio de Loyola Brandão', 160, ' 54', '12341234', '1936-07-31', '2010-10-10'),
	(25, 'José do Patrocínio', 20, '45', '19906160', '1984-05-20', '2010-10-10'),
	(30, 'Clarice Lispector', 20, '45', '19906160', '1920-12-10', '2010-10-10'),
	(35, 'Mário Raul Morais de Andrade', 200, '450', '19906160', '1893-10-09', '2010-10-10'),
	(40, 'José Oswald de Sousa de Andrade', 210, '450', '19906160', '1890-01-11', '2010-10-10');
/*!40000 ALTER TABLE `autores` ENABLE KEYS */;

-- Copiando estrutura para tabela lbtar2.autorestels
CREATE TABLE IF NOT EXISTS `autorestels` (
  `pkautortel` smallint(6) unsigned NOT NULL,
  `fkautor` smallint(6) unsigned NOT NULL,
  `fktipotelefone` smallint(6) unsigned NOT NULL,
  `nutelefone` char(15) COLLATE utf8_bin NOT NULL,
  `dtcadautortel` date NOT NULL,
  PRIMARY KEY (`pkautortel`),
  KEY `ifkautor` (`fkautor`),
  KEY `ifktipotelefone` (`fktipotelefone`),
  CONSTRAINT `fkautorestelsautor` FOREIGN KEY (`fkautor`) REFERENCES `autores` (`pkautor`),
  CONSTRAINT `fkautorestelstipotelefone` FOREIGN KEY (`fktipotelefone`) REFERENCES `telefonestipos` (`pktipotelefone`)
) ENGINE=InnoDB DEFAULT CHARSET=utf8 COLLATE=utf8_bin;

-- Copiando dados para a tabela lbtar2.autorestels: ~0 rows (aproximadamente)
/*!40000 ALTER TABLE `autorestels` DISABLE KEYS */;
/*!40000 ALTER TABLE `autorestels` ENABLE KEYS */;

-- Copiando estrutura para tabela lbtar2.autorias
CREATE TABLE IF NOT EXISTS `autorias` (
  `fklivro` smallint(6) unsigned NOT NULL,
  `fkautor` smallint(6) unsigned NOT NULL,
  `dtcadautoria` date NOT NULL,
  PRIMARY KEY (`fklivro`,`fkautor`),
  KEY `ifklivro` (`fklivro`),
  KEY `ifkautor` (`fkautor`),
  CONSTRAINT `fkautoriasautor` FOREIGN KEY (`fkautor`) REFERENCES `autores` (`pkautor`),
  CONSTRAINT `fkautoriaslivro` FOREIGN KEY (`fklivro`) REFERENCES `livros` (`pklivro`)
) ENGINE=InnoDB DEFAULT CHARSET=utf8 COLLATE=utf8_bin COMMENT='autorias';

-- Copiando dados para a tabela lbtar2.autorias: ~0 rows (aproximadamente)
/*!40000 ALTER TABLE `autorias` DISABLE KEYS */;
/*!40000 ALTER TABLE `autorias` ENABLE KEYS */;

-- Copiando estrutura para tabela lbtar2.bairros
CREATE TABLE IF NOT EXISTS `bairros` (
  `pkbairro` smallint(6) unsigned NOT NULL,
  `txnomebairro` varchar(100) COLLATE utf8_bin NOT NULL,
  `fkcidade` smallint(6) unsigned NOT NULL,
  `dtcadbairro` date NOT NULL,
  PRIMARY KEY (`pkbairro`),
  KEY `ifkcidade` (`fkcidade`),
  CONSTRAINT `fkbairroscidades` FOREIGN KEY (`fkcidade`) REFERENCES `cidades` (`pkcidade`)
) ENGINE=InnoDB DEFAULT CHARSET=utf8 COLLATE=utf8_bin COMMENT='bairrosx';

-- Copiando dados para a tabela lbtar2.bairros: ~25 rows (aproximadamente)
/*!40000 ALTER TABLE `bairros` DISABLE KEYS */;
INSERT INTO `bairros` (`pkbairro`, `txnomebairro`, `fkcidade`, `dtcadbairro`) VALUES
	(1, 'Centro', 1, '2014-03-29'),
	(2, 'Centro', 2, '2014-03-29'),
	(3, 'Centro', 3, '2014-03-29'),
	(4, 'Centro', 4, '2014-03-29'),
	(5, 'Centro', 5, '2014-03-29'),
	(6, 'Centro', 6, '2014-03-29'),
	(7, 'Centro', 7, '2014-03-29'),
	(8, 'Centro', 8, '2014-03-29'),
	(9, 'Centro', 9, '2014-03-29'),
	(10, 'Centro', 10, '2014-03-29'),
	(11, 'Centro', 11, '2014-03-29'),
	(12, 'Centro', 12, '2014-03-29'),
	(13, 'Centro', 13, '2014-03-29'),
	(14, 'Penha', 1, '2014-03-29'),
	(15, 'Lapa', 1, '2014-03-29'),
	(16, 'Bela Vista', 1, '2014-03-29'),
	(17, 'Bexiga', 1, '2014-03-29'),
	(18, 'Liberdade', 1, '2014-03-29'),
	(19, 'Vila Musa', 2, '2014-03-29'),
	(20, 'Vila Matilde', 2, '2014-03-29'),
	(21, 'Cidade Patriarca', 1, '2014-03-29'),
	(22, 'Vila Esperança', 1, '2014-03-29'),
	(23, 'Vila Granada', 1, '2014-03-29'),
	(24, 'Arthur Alvin', 1, '2014-03-29'),
	(25, 'Cidade A.E. Carvalho', 1, '2014-03-29');
/*!40000 ALTER TABLE `bairros` ENABLE KEYS */;

-- Copiando estrutura para tabela lbtar2.bancos
CREATE TABLE IF NOT EXISTS `bancos` (
  `pkbanco` char(3) COLLATE utf8_bin NOT NULL,
  `txnomebanco` varchar(100) COLLATE utf8_bin NOT NULL,
  `dtfundacao` date NOT NULL,
  `aocompetencia` char(1) COLLATE utf8_bin NOT NULL,
  `fklogradouro` smallint(6) unsigned NOT NULL,
  `txcomplemento` varchar(80) COLLATE utf8_bin NOT NULL,
  `nucep` char(8) COLLATE utf8_bin DEFAULT NULL,
  `dtcadbanco` date NOT NULL,
  PRIMARY KEY (`pkbanco`),
  KEY `ifklogradouro` (`fklogradouro`),
  CONSTRAINT `fkbancoslogradouros` FOREIGN KEY (`fklogradouro`) REFERENCES `logradouros` (`pklogradouro`)
) ENGINE=InnoDB DEFAULT CHARSET=utf8 COLLATE=utf8_bin;

-- Copiando dados para a tabela lbtar2.bancos: ~58 rows (aproximadamente)
/*!40000 ALTER TABLE `bancos` DISABLE KEYS */;
INSERT INTO `bancos` (`pkbanco`, `txnomebanco`, `dtfundacao`, `aocompetencia`, `fklogradouro`, `txcomplemento`, `nucep`, `dtcadbanco`) VALUES
	('001', 'Banco do Brasil', '1940-05-02', 'F', 10, '', '12345678', '2018-02-02'),
	('002', 'Banco Central do Brasil', '1940-05-02', 'F', 10, '', '12345678', '2018-02-02'),
	('003', 'Banco da Amazônia', '1940-05-02', 'F', 10, '', '12345678', '2018-02-02'),
	('004', 'Banco do Nordeste do Brasil', '1940-05-02', 'F', 10, '', '12345678', '2018-02-02'),
	('007', 'Banco Nacional de Desenvolvimento Econômico e Social', '1940-05-02', 'F', 10, '', '12345678', '2018-02-02'),
	('021', 'Banco do Estado do Espírito Santo', '1940-05-02', 'E', 10, '', '12345678', '2018-02-02'),
	('023', 'Banco de Desenvolvimento de Minas Gerais', '1940-05-02', 'E', 10, '', '12345678', '2018-02-02'),
	('025', 'Banco Alfa', '1940-05-02', 'P', 10, '', '12345678', '2018-02-02'),
	('033', 'Banco Santander', '1940-05-02', 'P', 10, '', '12345678', '2018-02-02'),
	('037', 'Banco do Estado do Pará', '1940-05-02', 'E', 10, '', '12345678', '2018-02-02'),
	('041', 'Banco do Estado do Rio Grande do Sul', '1940-05-02', 'E', 10, '', '12345678', '2018-02-02'),
	('046', 'Banco Regional de Desenvolvimento do Extremo Sul', '1940-05-02', 'I', 10, '', '12345678', '2018-02-02'),
	('047', 'Banco do Estado de Sergipe', '1940-05-02', 'E', 10, '', '12345678', '2018-02-02'),
	('070', 'Banco de Brasília', '1940-05-02', 'E', 10, '', '12345678', '2018-02-02'),
	('075', 'Banco ABN Amro S.A.', '1940-05-02', 'P', 10, '', '12345678', '2018-02-02'),
	('077', 'Banco Inter', '1940-05-02', 'P', 10, '', '12345678', '2018-02-02'),
	('082', 'Banco Topázio', '1940-05-02', 'P', 10, '', '12345678', '2018-02-02'),
	('102', 'XP Investimentos Corretora de Câmbio Títulos e Valores Mobiliários S.A', '1940-05-02', 'P', 10, '', '12345678', '2018-02-02'),
	('104', 'Caixa Econômica Federal', '1940-05-02', 'F', 10, '', '12345678', '2018-02-02'),
	('107', 'Banco BBM', '1940-05-02', 'P', 10, '', '12345678', '2018-02-02'),
	('121', 'Agibank', '1940-05-02', 'P', 10, '', '12345678', '2018-02-02'),
	('184', 'Banco Itaú BBA', '1940-05-02', 'P', 10, '', '12345678', '2018-02-02'),
	('208', 'Banco BTG Pactual', '1940-05-02', 'P', 10, '', '12345678', '2018-02-02'),
	('212', 'Banco Original', '1940-05-02', 'P', 10, '', '12345678', '2018-02-02'),
	('218', 'Banco Bonsucesso', '1940-05-02', 'P', 10, '', '12345678', '2018-02-02'),
	('224', 'Banco Fibra', '1940-05-02', 'P', 10, '', '12345678', '2018-02-02'),
	('237', 'Bradesco', '1940-05-02', 'P', 10, '', '12345678', '2018-02-02'),
	('260', 'Nu Pagamentos S.A', '1940-05-02', 'P', 10, '', '12345678', '2018-02-02'),
	('263', 'Banco Cacique', '1940-05-02', 'P', 10, '', '12345678', '2018-02-02'),
	('265', 'Banco Fator', '1940-05-02', 'P', 10, '', '12345678', '2018-02-02'),
	('318', 'Banco BMG', '1940-05-02', 'P', 10, '', '12345678', '2018-02-02'),
	('320', 'Banco Industrial e Comercial', '1940-05-02', 'P', 10, '', '12345678', '2018-02-02'),
	('341', 'Itaú Unibanco', '1940-05-02', 'P', 10, '', '12345678', '2018-02-02'),
	('389', 'Banco Mercantil do Brasil', '1940-05-02', 'P', 10, '', '12345678', '2018-02-02'),
	('422', 'Banco Safra', '1940-05-02', 'P', 10, '', '12345678', '2018-02-02'),
	('473', 'Banco Caixa Geral', '1940-05-02', 'P', 10, '', '12345678', '2018-02-02'),
	('479', 'Banco ItaúBank', '1940-05-02', 'P', 10, '', '12345678', '2018-02-02'),
	('505', 'Banco Credit Suisse', '1940-05-02', 'P', 10, '', '12345678', '2018-02-02'),
	('604', 'Banco Industrial do Brasil', '1940-05-02', 'P', 10, '', '12345678', '2018-02-02'),
	('611', 'Banco Paulista', '1940-05-02', 'P', 10, '', '12345678', '2018-02-02'),
	('612', 'Banco Guanabara', '1940-05-02', 'P', 10, '', '12345678', '2018-02-02'),
	('623', 'Banco Pan', '1940-05-02', 'P', 10, '', '12345678', '2018-02-02'),
	('637', 'Banco Sofisa', '1940-05-02', 'P', 10, '', '12345678', '2018-02-02'),
	('643', 'Banco Pine', '1940-05-02', 'P', 10, '', '12345678', '2018-02-02'),
	('653', 'Banco Indusval', '1940-05-02', 'P', 10, '', '12345678', '2018-02-02'),
	('654', 'Banco Renner', '1940-05-02', 'P', 10, '', '12345678', '2018-02-02'),
	('655', 'Banco Votorantim', '1940-05-02', 'P', 10, '', '12345678', '2018-02-02'),
	('707', 'Góis Monteiro & Co', '1940-05-02', 'P', 10, '', '12345678', '2018-02-02'),
	('719', 'Banco Banif', '1940-05-02', 'P', 10, '', '12345678', '2018-02-02'),
	('721', 'Banco Credibel', '1940-05-02', 'P', 10, '', '12345678', '2018-02-02'),
	('735', 'Banco Neon', '1940-05-02', 'P', 10, '', '12345678', '2018-02-02'),
	('738', 'Banco Morada', '1940-05-02', 'P', 10, '', '12345678', '2018-02-02'),
	('741', 'Banco Ribeirão Preto', '1940-05-02', 'P', 10, '', '12345678', '2018-02-02'),
	('745', 'Banco Citibank', '1940-05-02', 'P', 10, '', '12345678', '2018-02-02'),
	('746', 'Banco Modal', '1940-05-02', 'P', 10, '', '12345678', '2018-02-02'),
	('748', 'Banco Cooperativo Sicredi - BANSICREDI', '1940-05-02', 'C', 10, '', '12345678', '2018-02-02'),
	('756', 'Banco Cooperativo do Brasil - BANCOOB', '1940-05-02', 'C', 10, '', '12345678', '2018-02-02'),
	('M09', 'Banco Itaucred Financiamentos', '1940-05-02', 'P', 10, '', '12345678', '2018-02-02');
/*!40000 ALTER TABLE `bancos` ENABLE KEYS */;

-- Copiando estrutura para tabela lbtar2.bibliografia
CREATE TABLE IF NOT EXISTS `bibliografia` (
  `fkdisciplina` smallint(6) unsigned NOT NULL,
  `fklivro` smallint(6) unsigned NOT NULL,
  `aotipo` char(1) COLLATE utf8_bin NOT NULL,
  `dtadocaodolivro` date DEFAULT NULL,
  `dtcadbibliografia` date NOT NULL,
  PRIMARY KEY (`fkdisciplina`,`fklivro`),
  KEY `ifkdisciplina` (`fkdisciplina`),
  KEY `ifklivro` (`fklivro`),
  CONSTRAINT `fkbibliografiadisciplina` FOREIGN KEY (`fkdisciplina`) REFERENCES `disciplinas` (`pkdisciplina`),
  CONSTRAINT `fkbibliografialivro` FOREIGN KEY (`fklivro`) REFERENCES `livros` (`pklivro`)
) ENGINE=InnoDB DEFAULT CHARSET=utf8 COLLATE=utf8_bin COMMENT='bibliogr';

-- Copiando dados para a tabela lbtar2.bibliografia: ~0 rows (aproximadamente)
/*!40000 ALTER TABLE `bibliografia` DISABLE KEYS */;
/*!40000 ALTER TABLE `bibliografia` ENABLE KEYS */;

-- Copiando estrutura para tabela lbtar2.capacitacoes
CREATE TABLE IF NOT EXISTS `capacitacoes` (
  `fkcurso` smallint(6) unsigned NOT NULL,
  `fkfuncionario` smallint(6) unsigned NOT NULL,
  `dtcapacitacao` date NOT NULL,
  `dtregistro` date NOT NULL,
  `dtcadcapacitacao` date NOT NULL,
  PRIMARY KEY (`fkcurso`,`fkfuncionario`),
  KEY `ifkfuncionario` (`fkfuncionario`),
  KEY `ifkcurso` (`fkcurso`),
  CONSTRAINT `fkcapacitacoescurso` FOREIGN KEY (`fkcurso`) REFERENCES `capacitacoes` (`fkcurso`),
  CONSTRAINT `fkfkcapacitacoesfuncionario` FOREIGN KEY (`fkfuncionario`) REFERENCES `funcionarios` (`pkfuncionario`)
) ENGINE=InnoDB DEFAULT CHARSET=utf8 COLLATE=utf8_bin COMMENT='capacita';

-- Copiando dados para a tabela lbtar2.capacitacoes: ~0 rows (aproximadamente)
/*!40000 ALTER TABLE `capacitacoes` DISABLE KEYS */;
/*!40000 ALTER TABLE `capacitacoes` ENABLE KEYS */;

-- Copiando estrutura para view lbtar2.carros
-- Criando tabela temporária para evitar erros de dependência de VIEW
CREATE TABLE `carros` (
	`pkcarro` INT(6) UNSIGNED NOT NULL,
	`ukplaca` CHAR(7) NOT NULL COLLATE 'utf8_bin',
	`fkfuncionario` SMALLINT(6) UNSIGNED NULL,
	`fkcor` SMALLINT(6) UNSIGNED NULL,
	`aostatus` CHAR(1) NULL COLLATE 'utf8_bin',
	`dtcadcarro` DATE NOT NULL
) ENGINE=MyISAM;

-- Copiando estrutura para tabela lbtar2.cidades
CREATE TABLE IF NOT EXISTS `cidades` (
  `pkcidade` smallint(6) unsigned NOT NULL,
  `txnomecidade` varchar(250) COLLATE utf8_bin NOT NULL,
  `fkestadouniao` char(2) COLLATE utf8_bin NOT NULL,
  `txformaacesso` varchar(2000) COLLATE utf8_bin DEFAULT NULL,
  `qtpopulacao` decimal(10,0) unsigned DEFAULT NULL,
  `qtarea` decimal(10,0) unsigned DEFAULT NULL,
  `dtfundacao` date DEFAULT NULL,
  `dtcadcidade` date NOT NULL,
  PRIMARY KEY (`pkcidade`),
  KEY `ifkestadouniao` (`fkestadouniao`),
  CONSTRAINT `fkcidadesestadouniao` FOREIGN KEY (`fkestadouniao`) REFERENCES `estadosdauniao` (`pkestadouniao`)
) ENGINE=InnoDB DEFAULT CHARSET=utf8 COLLATE=utf8_bin COMMENT='cidadesx';

-- Copiando dados para a tabela lbtar2.cidades: ~13 rows (aproximadamente)
/*!40000 ALTER TABLE `cidades` DISABLE KEYS */;
INSERT INTO `cidades` (`pkcidade`, `txnomecidade`, `fkestadouniao`, `txformaacesso`, `qtpopulacao`, `qtarea`, `dtfundacao`, `dtcadcidade`) VALUES
	(1, 'Sao Paulo', 'SP', 'aeroporto, rodovia, ferrovia e hidrovia', 12000000, 780, '2018-01-31', '2018-01-31'),
	(2, 'Osasco', 'SP', 'rodovia e ferrovia', 0, 0, '2018-01-31', '2018-01-31'),
	(3, 'Barueri', 'SP', 'rodovia e ferrovia', 0, 0, '2018-01-31', '2018-01-31'),
	(4, 'Sao Bernardo', 'SP', 'rodovia e ferrovia', 0, 0, '2018-01-31', '2018-01-31'),
	(5, 'Sao Caetano', 'SP', 'rodovia e ferrovia', 0, 0, '2018-01-31', '2018-01-31'),
	(6, 'Diadema', 'SP', 'rodovia e ferrovia', 0, 0, '2018-01-31', '2018-01-31'),
	(7, 'Guarulhos', 'SP', 'aeroporto, rodovia e ferrovia', 0, 0, '2018-01-31', '2018-01-31'),
	(8, 'Ourinhos', 'SP', 'rodovia e ferrovia', 105000, 280, '2018-01-31', '2018-01-31'),
	(9, 'Cambará', 'PR', 'rodovia e ferrovia', 105000, 280, '2018-01-31', '2018-01-31'),
	(10, 'Andirá', 'PR', 'rodovia e ferrovia', 105000, 280, '2018-01-31', '2018-01-31'),
	(11, 'Santa Mariana', 'PR', 'rodovia e ferrovia', 105000, 280, '2018-01-31', '2018-01-31'),
	(12, 'Jacarezinho', 'PR', 'rodovia e ferrovia', 105000, 280, '2018-01-31', '2018-01-31'),
	(13, 'Santo Antonio da Platina', 'PR', 'rodovia e ferrovia', 105000, 280, '2018-01-31', '2018-01-31');
/*!40000 ALTER TABLE `cidades` ENABLE KEYS */;

-- Copiando estrutura para tabela lbtar2.clientes
CREATE TABLE IF NOT EXISTS `clientes` (
  `pkcliente` smallint(6) unsigned NOT NULL,
  `txnomecliente` varchar(250) COLLATE utf8_bin NOT NULL,
  `txrazaosocial` varchar(250) COLLATE utf8_bin NOT NULL,
  `fklogradouro` smallint(6) unsigned NOT NULL,
  `txcomplemento` varchar(80) COLLATE utf8_bin DEFAULT NULL,
  `nucep` char(8) COLLATE utf8_bin DEFAULT NULL,
  `vllimitecompra` decimal(15,2) unsigned DEFAULT NULL,
  `dtcadcliente` date NOT NULL,
  PRIMARY KEY (`pkcliente`),
  KEY `ifklogradouro` (`fklogradouro`),
  CONSTRAINT `fkclienteslogradouro` FOREIGN KEY (`fklogradouro`) REFERENCES `logradouros` (`pklogradouro`)
) ENGINE=InnoDB DEFAULT CHARSET=utf8 COLLATE=utf8_bin;

-- Copiando dados para a tabela lbtar2.clientes: ~9 rows (aproximadamente)
/*!40000 ALTER TABLE `clientes` DISABLE KEYS */;
INSERT INTO `clientes` (`pkcliente`, `txnomecliente`, `txrazaosocial`, `fklogradouro`, `txcomplemento`, `nucep`, `vllimitecompra`, `dtcadcliente`) VALUES
	(5, 'Vem que tem', 'Bijuterias e adereços Vem que Tem S/C Ltda.', 390, ' 150', '', 1000.00, '2011-10-24'),
	(10, 'Tratoria do Sargento', 'Ristoranti Il Tratoria do Sargento', 600, ' 985', '', 25000.00, '2007-02-02'),
	(15, 'Restaurante Bom Vivan', 'Restaurante "O Bom Vivan" S/C Ltda.', 550, ' 567', '', 5000.00, '2009-12-10'),
	(20, 'Tratoria do Sargento', 'Restaurante da Tratoria do Sargento S/C Ltda.', 460, ' 1254', '', 12000.00, '2011-06-01'),
	(25, 'Tratoria do Pirata', 'Ristoranti tre fratelli S.A.', 470, ' 1492', '12345678', 30000.00, '2007-01-20'),
	(30, 'Mc Donalds', 'Rest Com S/A ', 610, ' 6500', '', 100000.00, '2008-01-20'),
	(35, 'La Traviatta Ripante', 'Rest Com S/A ', 380, ' 125 - 15And Ap 156', '', 100000.00, '2008-01-20'),
	(40, 'Bistro Ratatui', 'sdf sdgf', 520, ' 1245', '', 3456.00, '2011-10-22'),
	(45, 'teste', 'sjdhlskjh', 10, '452', '1421541', 1000.00, '2014-04-12');
/*!40000 ALTER TABLE `clientes` ENABLE KEYS */;

-- Copiando estrutura para tabela lbtar2.clientestels
CREATE TABLE IF NOT EXISTS `clientestels` (
  `pkclientetel` smallint(6) unsigned NOT NULL,
  `fkcliente` smallint(6) unsigned NOT NULL,
  `fktipotelefone` smallint(6) unsigned DEFAULT NULL,
  `nutelefone` char(15) COLLATE utf8_bin NOT NULL,
  `dtcadclientetel` date NOT NULL,
  PRIMARY KEY (`pkclientetel`),
  KEY `ifkcliente` (`fkcliente`),
  KEY `ifktipotelefone` (`fktipotelefone`),
  CONSTRAINT `fkclientestelscliente` FOREIGN KEY (`fkcliente`) REFERENCES `clientes` (`pkcliente`),
  CONSTRAINT `fkclientestelstipotelefone` FOREIGN KEY (`fktipotelefone`) REFERENCES `telefonestipos` (`pktipotelefone`)
) ENGINE=InnoDB DEFAULT CHARSET=utf8 COLLATE=utf8_bin COMMENT='clientls';

-- Copiando dados para a tabela lbtar2.clientestels: ~0 rows (aproximadamente)
/*!40000 ALTER TABLE `clientestels` DISABLE KEYS */;
/*!40000 ALTER TABLE `clientestels` ENABLE KEYS */;

-- Copiando estrutura para tabela lbtar2.consultas
CREATE TABLE IF NOT EXISTS `consultas` (
  `pkconsulta` smallint(6) unsigned NOT NULL,
  `fkmedico` smallint(6) unsigned NOT NULL,
  `dthoraconsulta` datetime NOT NULL,
  `fkfuncionario` smallint(6) unsigned DEFAULT NULL,
  `dthorarealizada` datetime DEFAULT NULL,
  `fkplanodesaude` smallint(6) unsigned DEFAULT NULL,
  `aosituacaoconsulta` char(1) COLLATE utf8_bin NOT NULL,
  `dtcadconsulta` date NOT NULL,
  PRIMARY KEY (`pkconsulta`),
  UNIQUE KEY `iukmedico` (`fkmedico`),
  UNIQUE KEY `iukdthoraconsulta` (`dthoraconsulta`),
  KEY `ifkmedico` (`fkmedico`),
  KEY `ifkfuncionario` (`fkfuncionario`),
  KEY `ifkplanodesaude` (`fkplanodesaude`),
  CONSTRAINT `fkconsultasfuncionario` FOREIGN KEY (`fkfuncionario`) REFERENCES `funcionarios` (`pkfuncionario`),
  CONSTRAINT `fkconsultasmedico` FOREIGN KEY (`fkmedico`) REFERENCES `medicos` (`pkmedico`),
  CONSTRAINT `fkconsultasplanodesaude` FOREIGN KEY (`fkplanodesaude`) REFERENCES `planosdesaude` (`pkplanodesaude`)
) ENGINE=InnoDB DEFAULT CHARSET=utf8 COLLATE=utf8_bin;

-- Copiando dados para a tabela lbtar2.consultas: ~0 rows (aproximadamente)
/*!40000 ALTER TABLE `consultas` DISABLE KEYS */;
/*!40000 ALTER TABLE `consultas` ENABLE KEYS */;

-- Copiando estrutura para tabela lbtar2.contas
CREATE TABLE IF NOT EXISTS `contas` (
  `fkbanco` char(3) COLLATE utf8_bin NOT NULL,
  `fkagencia` char(4) COLLATE utf8_bin NOT NULL,
  `nuconta` char(7) COLLATE utf8_bin NOT NULL,
  `fkfuncionario` smallint(6) unsigned NOT NULL,
  `fktipoconta` smallint(6) unsigned NOT NULL,
  `dtcriacao` date DEFAULT NULL,
  `dtcadconta` date NOT NULL,
  PRIMARY KEY (`fkbanco`,`fkagencia`,`nuconta`),
  KEY `ifkbanco` (`fkbanco`),
  KEY `ifkagencia` (`fkagencia`),
  KEY `ifkfuncionario` (`fkfuncionario`),
  KEY `ifktipoconta` (`fktipoconta`),
  CONSTRAINT `fkcontasagencia` FOREIGN KEY (`fkbanco`, `fkagencia`) REFERENCES `agencias` (`fkbanco`, `pkagencia`) ON DELETE CASCADE ON UPDATE CASCADE,
  CONSTRAINT `fkcontasfuncionario` FOREIGN KEY (`fkfuncionario`) REFERENCES `funcionarios` (`pkfuncionario`) ON DELETE CASCADE ON UPDATE CASCADE,
  CONSTRAINT `fkcontastipoconta` FOREIGN KEY (`fktipoconta`) REFERENCES `contastipos` (`pktipoconta`) ON DELETE CASCADE ON UPDATE CASCADE
) ENGINE=InnoDB DEFAULT CHARSET=utf8 COLLATE=utf8_bin;

-- Copiando dados para a tabela lbtar2.contas: ~0 rows (aproximadamente)
/*!40000 ALTER TABLE `contas` DISABLE KEYS */;
/*!40000 ALTER TABLE `contas` ENABLE KEYS */;

-- Copiando estrutura para tabela lbtar2.contastipos
CREATE TABLE IF NOT EXISTS `contastipos` (
  `pktipoconta` smallint(6) unsigned NOT NULL,
  `txnometipoconta` varchar(90) COLLATE utf8_bin NOT NULL,
  `dtcadtipoconta` date NOT NULL,
  PRIMARY KEY (`pktipoconta`)
) ENGINE=InnoDB DEFAULT CHARSET=utf8 COLLATE=utf8_bin;

-- Copiando dados para a tabela lbtar2.contastipos: ~5 rows (aproximadamente)
/*!40000 ALTER TABLE `contastipos` DISABLE KEYS */;
INSERT INTO `contastipos` (`pktipoconta`, `txnometipoconta`, `dtcadtipoconta`) VALUES
	(1, 'Conta corrente', '2018-02-01'),
	(2, 'Conta Poupança', '2018-02-01'),
	(3, 'Conta Financiamento Habitacional', '2018-02-01'),
	(4, 'Conta crédito de trabalho', '2018-02-01'),
	(5, 'Conta Especial', '2018-02-01');
/*!40000 ALTER TABLE `contastipos` ENABLE KEYS */;

-- Copiando estrutura para tabela lbtar2.cores
CREATE TABLE IF NOT EXISTS `cores` (
  `pkcor` smallint(6) unsigned NOT NULL,
  `txnomecor` varchar(250) COLLATE utf8_bin NOT NULL,
  `nupantone` smallint(6) unsigned NOT NULL,
  `dtcriacao` date DEFAULT NULL,
  `txdescricaocor` varchar(500) COLLATE utf8_bin DEFAULT NULL,
  `dtcadcor` date NOT NULL,
  PRIMARY KEY (`pkcor`)
) ENGINE=InnoDB DEFAULT CHARSET=utf8 COLLATE=utf8_bin COMMENT='coresxxx';

-- Copiando dados para a tabela lbtar2.cores: ~5 rows (aproximadamente)
/*!40000 ALTER TABLE `cores` DISABLE KEYS */;
INSERT INTO `cores` (`pkcor`, `txnomecor`, `nupantone`, `dtcriacao`, `txdescricaocor`, `dtcadcor`) VALUES
	(1, 'Preto', 1, '1963-05-20', 'Preto sem matiz', '2018-02-01'),
	(2, 'Branco', 2, '1963-05-20', 'Branco sem matiz', '2018-02-01'),
	(3, 'Vermelho', 3, '1963-05-20', 'Vermelho sem matiz', '2018-02-01'),
	(4, 'Azul', 4, '1963-05-20', 'Azul sem matiz', '2018-02-01'),
	(5, 'Verde', 5, '1963-05-20', 'Verde sem matiz', '2018-02-01');
/*!40000 ALTER TABLE `cores` ENABLE KEYS */;

-- Copiando estrutura para tabela lbtar2.cursos
CREATE TABLE IF NOT EXISTS `cursos` (
  `pkcurso` smallint(6) unsigned NOT NULL,
  `txnomecurso` varchar(200) COLLATE utf8_bin NOT NULL,
  `fkinstituicao` smallint(6) unsigned NOT NULL,
  `fkniveleducacao` smallint(6) unsigned NOT NULL,
  `qtcargahoraria` smallint(6) unsigned NOT NULL,
  `dtcadcurso` date NOT NULL,
  PRIMARY KEY (`pkcurso`),
  KEY `ifkinstituicao` (`fkinstituicao`),
  KEY `ifkniveleducacao` (`fkniveleducacao`),
  CONSTRAINT `fkcursosinstituicao` FOREIGN KEY (`fkinstituicao`) REFERENCES `instituicoesensino` (`pkinstituicao`),
  CONSTRAINT `fkcursosniveleducacao` FOREIGN KEY (`fkniveleducacao`) REFERENCES `niveisdeeducacao` (`pkniveleducacao`)
) ENGINE=InnoDB DEFAULT CHARSET=utf8 COLLATE=utf8_bin COMMENT='cursosxx';

-- Copiando dados para a tabela lbtar2.cursos: ~0 rows (aproximadamente)
/*!40000 ALTER TABLE `cursos` DISABLE KEYS */;
INSERT INTO `cursos` (`pkcurso`, `txnomecurso`, `fkinstituicao`, `fkniveleducacao`, `qtcargahoraria`, `dtcadcurso`) VALUES
	(3, 'asdas', 5, 3, 22, '2018-06-12');
/*!40000 ALTER TABLE `cursos` ENABLE KEYS */;

-- Copiando estrutura para tabela lbtar2.departamentos
CREATE TABLE IF NOT EXISTS `departamentos` (
  `pkdepto` char(3) COLLATE utf8_bin NOT NULL,
  `txnomedepto` varchar(80) COLLATE utf8_bin NOT NULL,
  `fkfuncionariogerente` smallint(6) unsigned DEFAULT NULL,
  `fkdeptosuperior` char(3) COLLATE utf8_bin DEFAULT NULL,
  `txlocalizacao` varchar(80) COLLATE utf8_bin DEFAULT NULL,
  `qtareatotal` smallint(6) unsigned NOT NULL,
  `dtcriacaodepto` date DEFAULT NULL,
  `dtcaddepartamento` date NOT NULL,
  PRIMARY KEY (`pkdepto`),
  KEY `ifkfuncionariogerente` (`fkfuncionariogerente`),
  KEY `ifkdeptosuperior` (`fkdeptosuperior`),
  CONSTRAINT `fkdepartamentosdeptosuperior` FOREIGN KEY (`fkdeptosuperior`) REFERENCES `departamentos` (`pkdepto`),
  CONSTRAINT `fkdepartamentosfuncionariogerente` FOREIGN KEY (`fkfuncionariogerente`) REFERENCES `funcionarios` (`pkfuncionario`)
) ENGINE=InnoDB DEFAULT CHARSET=utf8 COLLATE=utf8_bin COMMENT='departam';

-- Copiando dados para a tabela lbtar2.departamentos: ~20 rows (aproximadamente)
/*!40000 ALTER TABLE `departamentos` DISABLE KEYS */;
INSERT INTO `departamentos` (`pkdepto`, `txnomedepto`, `fkfuncionariogerente`, `fkdeptosuperior`, `txlocalizacao`, `qtareatotal`, `dtcriacaodepto`, `dtcaddepartamento`) VALUES
	('20', 'sua mãe não é homem', 39, 'G22', 'na pqp', 450, '2008-08-30', '2012-07-25'),
	('24', 'VINI VIADINHO s2s2s2s2s22', 7, 'E11', 'VIADINHO VINI s2s2s2s2', 242, '2024-12-24', '2025-12-24'),
	('5', 'sdfasdfasd', 34, 'D11', 'asdfasdfasdfasdf', 123, '2010-10-10', '2018-05-22'),
	('998', 'ooooooooooooooooooooooo', 15, 'A12', 'rrrrrrrrrrrrrrrrrrrrrrrrr', 250, '2014-08-09', '2013-05-06'),
	('A01', 'Determinando Serviços Computacionais      ', 12, 'A01', 'R. Direita, 234 - 12Andar - Conj.34         ', 350, '2011-05-20', '2011-05-20'),
	('A11', 'Controle de Custos do Núcleo Norte        ', 4, 'A01', 'Av Rebouças, 3450                           ', 600, '2010-10-12', '2010-10-15'),
	('A12', 'Controle de Custos do Núcleo Sul          ', 9, 'A01', 'R. 15 de Novembro, 340 - 15Andar - Conj 50  ', 400, '2011-05-20', '2010-05-20'),
	('B01', 'Planejamento de Operações                 ', 17, 'B01', 'R. Quintino Bocaiúva, 250 - 15Andar - Cj. 40', 400, '2011-05-10', '2010-05-20'),
	('C01', 'Centro de Informação                      ', 40, 'A01', 'R. Rangel Pestana, 500                      ', 600, '2011-04-20', '2011-04-20'),
	('D01', 'Centro de Desenvolvimento                 ', 20, 'A01', 'R. Bela Vista, 350 - 4 andar - Cj. 30       ', 300, '2011-04-15', '2011-04-16'),
	('D11', 'Achados e Perdidos                        ', 1, 'E01', 'West 56 Street, 234                         ', 1200, '2010-10-10', '2010-10-10'),
	('D91', 'Sistemas de informação para Manufaturas   ', 25, 'D01', 'Av. Europa, 1260                            ', 1200, '2011-02-05', '2011-02-10'),
	('E01', 'Serviços de Suporte                       ', 24, 'E01', 'Av Santo Amaro, 4500                        ', 600, '2010-10-15', '2010-10-16'),
	('E11', 'Operações de Implantação de Sistemas      ', 15, 'E01', 'Av. Ricardo Jafet, 2500                     ', 800, '2010-10-10', '2010-10-10'),
	('E21', 'Suporte aos Sistemas de Software          ', 28, 'E01', 'Av. Vicente Rao, 1560                       ', 450, '2010-10-20', '2010-10-20'),
	('F22', 'Serviços de operacionalização de filias F2', 35, 'A01', 'Paulista Avenue, 2345 - 15 Floor/Set 45     ', 1200, '2010-10-20', '2010-10-20'),
	('G22', 'Serviços de operacionalização de filias G2', 3, 'B01', 'Av. Joao Dias, 123                          ', 450, '2010-10-20', '2010-10-20'),
	('H22', 'Serviços de operacionalização de filias H2', 41, 'C01', 'R. Sonia, 45 - Apto 10                      ', 90, '2010-10-15', '2010-10-15'),
	('I22', 'Serviços de operacionalização de filias I2', 13, 'D01', 'Av. Celso Garcia, 1450                      ', 600, '2010-10-25', '2010-10-25'),
	('J22', 'Serviços de operacionalização de filias J2', 36, 'E01', 'R. Silvio Romero, 700                       ', 700, '2010-10-15', '2010-10-15');
/*!40000 ALTER TABLE `departamentos` ENABLE KEYS */;

-- Copiando estrutura para tabela lbtar2.departamentostels
CREATE TABLE IF NOT EXISTS `departamentostels` (
  `pkdeptotel` smallint(6) unsigned NOT NULL,
  `fkdepto` char(3) COLLATE utf8_bin NOT NULL,
  `fktipotelefone` smallint(6) unsigned DEFAULT NULL,
  `nutelefone` char(15) COLLATE utf8_bin NOT NULL,
  `dtcaddeptotel` date NOT NULL,
  PRIMARY KEY (`pkdeptotel`),
  KEY `ifkdepto` (`fkdepto`),
  KEY `ifktipotelefone` (`fktipotelefone`),
  CONSTRAINT `fkdepartamentostelsdepto` FOREIGN KEY (`fkdepto`) REFERENCES `departamentos` (`pkdepto`),
  CONSTRAINT `fkdepartamentostipotelefone` FOREIGN KEY (`fktipotelefone`) REFERENCES `telefonestipos` (`pktipotelefone`)
) ENGINE=InnoDB DEFAULT CHARSET=utf8 COLLATE=utf8_bin COMMENT='departls';

-- Copiando dados para a tabela lbtar2.departamentostels: ~0 rows (aproximadamente)
/*!40000 ALTER TABLE `departamentostels` DISABLE KEYS */;
/*!40000 ALTER TABLE `departamentostels` ENABLE KEYS */;

-- Copiando estrutura para tabela lbtar2.disciplinas
CREATE TABLE IF NOT EXISTS `disciplinas` (
  `pkdisciplina` smallint(6) unsigned NOT NULL,
  `fkcurso` smallint(6) unsigned NOT NULL,
  `txnome` varchar(250) COLLATE utf8_bin NOT NULL,
  `txementa` varchar(250) COLLATE utf8_bin NOT NULL,
  `qthoras` smallint(6) unsigned NOT NULL,
  `dtcaddisciplina` date NOT NULL,
  PRIMARY KEY (`pkdisciplina`),
  KEY `ifkcurso` (`fkcurso`),
  CONSTRAINT `fkdisciplinascursos` FOREIGN KEY (`fkcurso`) REFERENCES `cursos` (`pkcurso`)
) ENGINE=InnoDB DEFAULT CHARSET=utf8 COLLATE=utf8_bin;

-- Copiando dados para a tabela lbtar2.disciplinas: ~0 rows (aproximadamente)
/*!40000 ALTER TABLE `disciplinas` DISABLE KEYS */;
INSERT INTO `disciplinas` (`pkdisciplina`, `fkcurso`, `txnome`, `txementa`, `qthoras`, `dtcaddisciplina`) VALUES
	(2323, 3, 'sasd', 'asdas', 1323, '2018-06-12');
/*!40000 ALTER TABLE `disciplinas` ENABLE KEYS */;

-- Copiando estrutura para tabela lbtar2.editoras
CREATE TABLE IF NOT EXISTS `editoras` (
  `pkeditora` smallint(6) unsigned NOT NULL,
  `txnomeeditora` char(70) COLLATE utf8_bin NOT NULL,
  `txrazaosocial` varchar(250) COLLATE utf8_bin NOT NULL,
  `fklogradouro` smallint(6) unsigned DEFAULT NULL,
  `txcomplemento` varchar(80) COLLATE utf8_bin DEFAULT NULL,
  `nucep` char(8) COLLATE utf8_bin DEFAULT NULL,
  `dtcadeditora` date NOT NULL,
  PRIMARY KEY (`pkeditora`),
  KEY `ifklogradouro` (`fklogradouro`),
  CONSTRAINT `fkeditoralogradouros` FOREIGN KEY (`fklogradouro`) REFERENCES `logradouros` (`pklogradouro`)
) ENGINE=InnoDB DEFAULT CHARSET=utf8 COLLATE=utf8_bin COMMENT='editoras';

-- Copiando dados para a tabela lbtar2.editoras: ~5 rows (aproximadamente)
/*!40000 ALTER TABLE `editoras` DISABLE KEYS */;
INSERT INTO `editoras` (`pkeditora`, `txnomeeditora`, `txrazaosocial`, `fklogradouro`, `txcomplemento`, `nucep`, `dtcadeditora`) VALUES
	(1, 'Abril', 'Abril Editora S/C Ltda.', 450, ' 1234', '12345678', '2010-10-10'),
	(2, 'McGraw-Books', 'Editora McGraw-Books S.A.', 290, ' 234', '1245124', '2005-05-20'),
	(3, 'Nova', 'Nova Editora S.A.', 330, ' 1450', '1452142', '2006-04-20'),
	(4, 'FDT Editores', 'FDT - Editores Associados S/C Ltda.', 460, ' 1254', '98765432', '2010-10-10'),
	(5, 'Erica', 'Editora e produtora Erica S/C Ltda.', 430, ' 234', '14512412', '2010-10-10');
/*!40000 ALTER TABLE `editoras` ENABLE KEYS */;

-- Copiando estrutura para tabela lbtar2.editorastels
CREATE TABLE IF NOT EXISTS `editorastels` (
  `pkeditoratel` smallint(6) unsigned NOT NULL,
  `fkeditora` smallint(6) unsigned NOT NULL,
  `fktipotelefone` smallint(6) unsigned NOT NULL,
  `nutelefone` char(15) COLLATE utf8_bin NOT NULL,
  `dtcadeditoratel` date NOT NULL,
  PRIMARY KEY (`pkeditoratel`),
  KEY `ifkeditora` (`fkeditora`),
  KEY `ifktipotelefone` (`fktipotelefone`),
  CONSTRAINT `fkeditorastelseditoras` FOREIGN KEY (`fkeditora`) REFERENCES `editoras` (`pkeditora`),
  CONSTRAINT `fkeditorastelstelefonestipos` FOREIGN KEY (`fktipotelefone`) REFERENCES `telefonestipos` (`pktipotelefone`)
) ENGINE=InnoDB DEFAULT CHARSET=utf8 COLLATE=utf8_bin COMMENT='editotls';

-- Copiando dados para a tabela lbtar2.editorastels: ~0 rows (aproximadamente)
/*!40000 ALTER TABLE `editorastels` DISABLE KEYS */;
/*!40000 ALTER TABLE `editorastels` ENABLE KEYS */;

-- Copiando estrutura para tabela lbtar2.empresas
CREATE TABLE IF NOT EXISTS `empresas` (
  `pkempresa` smallint(6) unsigned NOT NULL,
  `txnomeusual` varchar(100) COLLATE utf8_bin NOT NULL,
  `txrazaosocial` varchar(250) COLLATE utf8_bin NOT NULL,
  `fklogradouro` smallint(6) unsigned NOT NULL,
  `txcomplemento` varchar(80) COLLATE utf8_bin DEFAULT NULL,
  `nucep` char(8) COLLATE utf8_bin DEFAULT NULL,
  `fksetoratuacao` smallint(6) unsigned DEFAULT NULL,
  `dtcadempresa` date NOT NULL,
  PRIMARY KEY (`pkempresa`),
  KEY `ifklogradouro` (`fklogradouro`),
  KEY `ifksetoratuacao` (`fksetoratuacao`),
  CONSTRAINT `fkempresaslogradouros` FOREIGN KEY (`fklogradouro`) REFERENCES `logradouros` (`pklogradouro`),
  CONSTRAINT `fkempresassetoratuacao` FOREIGN KEY (`fksetoratuacao`) REFERENCES `setoresdeatuacao` (`pksetoratuacao`)
) ENGINE=InnoDB DEFAULT CHARSET=utf8 COLLATE=utf8_bin;

-- Copiando dados para a tabela lbtar2.empresas: ~4 rows (aproximadamente)
/*!40000 ALTER TABLE `empresas` DISABLE KEYS */;
INSERT INTO `empresas` (`pkempresa`, `txnomeusual`, `txrazaosocial`, `fklogradouro`, `txcomplemento`, `nucep`, `fksetoratuacao`, `dtcadempresa`) VALUES
	(1, 'FAME', 'Fabrica Americana de Materiais Elétricos S.A.', 530, ' 1456', '11452145', 1, '2011-06-10'),
	(2, 'Lorenzetti', 'Fabrica de Produtos Elétricos Lorenzetti S/C Ltda.', 420, ' 234', '11452145', 1, '2010-10-10'),
	(3, 'Supermack', 'Equipamentos Frigoríficos  Supermack S/C Ltda.', 560, ' 234', '11451245', 1, '2012-10-10'),
	(4, 'TecMon', 'Tecnica de Montagens e Ajustes de Equip. Domiciliares S/C Ltda', 440, ' 456', '41452145', 1, '2010-10-10');
/*!40000 ALTER TABLE `empresas` ENABLE KEYS */;

-- Copiando estrutura para tabela lbtar2.empresastels
CREATE TABLE IF NOT EXISTS `empresastels` (
  `pkempresatel` smallint(6) unsigned NOT NULL,
  `fkempresa` smallint(6) unsigned NOT NULL,
  `fktipotelefone` smallint(6) unsigned NOT NULL,
  `nutelefone` char(15) COLLATE utf8_bin NOT NULL,
  `dtcadempresatel` date NOT NULL,
  PRIMARY KEY (`pkempresatel`),
  KEY `ifkempresa` (`fkempresa`),
  KEY `ifktipotelefone` (`fktipotelefone`),
  CONSTRAINT `fkempresastelsempresas` FOREIGN KEY (`fkempresa`) REFERENCES `empresas` (`pkempresa`),
  CONSTRAINT `fkempresastelstelefonestipos` FOREIGN KEY (`fktipotelefone`) REFERENCES `telefonestipos` (`pktipotelefone`)
) ENGINE=InnoDB DEFAULT CHARSET=utf8 COLLATE=utf8_bin COMMENT='empretls';

-- Copiando dados para a tabela lbtar2.empresastels: ~0 rows (aproximadamente)
/*!40000 ALTER TABLE `empresastels` DISABLE KEYS */;
/*!40000 ALTER TABLE `empresastels` ENABLE KEYS */;

-- Copiando estrutura para tabela lbtar2.especmedicas
CREATE TABLE IF NOT EXISTS `especmedicas` (
  `pkespecialidade` smallint(6) unsigned NOT NULL,
  `txnomeespecialidade` varchar(200) COLLATE utf8_bin NOT NULL,
  `dtcadespecmedica` date NOT NULL,
  PRIMARY KEY (`pkespecialidade`)
) ENGINE=InnoDB DEFAULT CHARSET=utf8 COLLATE=utf8_bin COMMENT='espmedic';

-- Copiando dados para a tabela lbtar2.especmedicas: ~8 rows (aproximadamente)
/*!40000 ALTER TABLE `especmedicas` DISABLE KEYS */;
INSERT INTO `especmedicas` (`pkespecialidade`, `txnomeespecialidade`, `dtcadespecmedica`) VALUES
	(1, 'Clínica Geral', '2018-02-01'),
	(2, 'Pediatria', '2018-02-01'),
	(3, 'Otorrinolaringologia', '2018-02-01'),
	(4, 'Oncologia', '2018-02-01'),
	(5, 'Ortopedia', '2018-02-01'),
	(6, 'Geriatria', '2018-02-01'),
	(7, 'Urologia', '2018-02-01'),
	(8, 'Ginicologia', '2018-02-01');
/*!40000 ALTER TABLE `especmedicas` ENABLE KEYS */;

-- Copiando estrutura para tabela lbtar2.estadosdauniao
CREATE TABLE IF NOT EXISTS `estadosdauniao` (
  `pkestadouniao` char(2) COLLATE utf8_bin NOT NULL,
  `txnome` varchar(250) COLLATE utf8_bin NOT NULL,
  `txcapital` varchar(250) COLLATE utf8_bin DEFAULT NULL,
  `qtareatotal` decimal(15,2) unsigned DEFAULT NULL,
  `qtpopulacao` float unsigned DEFAULT NULL,
  `dtcadestadouniao` date NOT NULL,
  PRIMARY KEY (`pkestadouniao`)
) ENGINE=InnoDB DEFAULT CHARSET=utf8 COLLATE=utf8_bin;

-- Copiando dados para a tabela lbtar2.estadosdauniao: ~27 rows (aproximadamente)
/*!40000 ALTER TABLE `estadosdauniao` DISABLE KEYS */;
INSERT INTO `estadosdauniao` (`pkestadouniao`, `txnome`, `txcapital`, `qtareatotal`, `qtpopulacao`, `dtcadestadouniao`) VALUES
	('AC', 'Acre', 'Rio Branco', 164123.04, 829619, '2018-02-01'),
	('AL', 'Alagoas', 'Maceió', 27778.50, 3375820, '2018-02-01'),
	('AM', 'Amazonas', 'Manaus', 1559159.15, 4063610, '2018-02-01'),
	('AP', 'Amapá', 'Macapá', 142828.52, 797722, '2018-02-01'),
	('BA', 'Bahia', 'Salvador', 564733.18, 15344400, '2018-02-01'),
	('CE', 'Ceará', 'Fortaleza', 148920.47, 9020460, '2018-02-01'),
	('DF', 'Distrito Federal', 'Brasília', 5779.10, 3039440, '2018-02-01'),
	('ES', 'Espírito Santo', 'Vitória', 46095.58, 4016360, '2018-02-01'),
	('GO', 'Goiás', 'Goiânia', 340111.78, 6778770, '2018-02-01'),
	('MA', 'Maranhão', 'São Luís', 331937.45, 7000230, '2018-02-01'),
	('MG', 'Minas Gerais', 'Belo Horizonte', 586522.12, 21119500, '2018-02-01'),
	('MS', 'Mato Grosso do Sul', 'Campo Grande', 357145.53, 2713150, '2018-02-01'),
	('MT', 'Mato Grosso', 'Cuiabá', 903366.19, 3344540, '2018-02-01'),
	('PA', 'Pará', 'Belém', 1247954.67, 8366630, '2018-02-01'),
	('PB', 'Paraíba', 'João Pessoa', 56585.00, 4025560, '2018-02-01'),
	('PE', 'Pernambuco', 'Recife', 98311.62, 9473270, '2018-02-01'),
	('PI', 'Piauí', 'Teresina', 251577.74, 3219260, '2018-02-01'),
	('PR', 'Paraná', 'Curitiba', 199307.92, 11320900, '2018-02-01'),
	('RJ', 'Rio de Janeiro', 'Rio de Janeiro', 43780.17, 16719000, '2018-02-01'),
	('RN', 'Rio Grande do Norte', 'Natal', 52811.05, 3507000, '2018-02-01'),
	('RO', 'Rondônia', 'Porto Velho', 237590.55, 1805790, '2018-02-01'),
	('RR', 'Roraima', 'Boa Vista', 224300.51, 522636, '2018-02-01'),
	('RS', 'Rio Grande do Sul', 'Porto Alegre', 281730.22, 11322900, '2018-02-01'),
	('SC', 'Santa Catarina', 'Florianópolis', 95736.16, 7001160, '2018-02-01'),
	('SE', 'Sergipe', 'Aracaju', 21915.12, 2288120, '2018-02-01'),
	('SP', 'São Paulo', 'São Paulo', 248222.36, 45094900, '2018-02-01'),
	('TO', 'Tocantins', 'Palmas', 277720.52, 1550190, '2018-02-01');
/*!40000 ALTER TABLE `estadosdauniao` ENABLE KEYS */;

-- Copiando estrutura para tabela lbtar2.execucoes
CREATE TABLE IF NOT EXISTS `execucoes` (
  `pkexecucao` smallint(6) unsigned NOT NULL,
  `fkservico` smallint(6) unsigned NOT NULL,
  `fkveiculo` int(11) unsigned NOT NULL,
  `fkoficina` smallint(6) unsigned NOT NULL,
  `dtexecucaoservico` date NOT NULL,
  `nudiasprevistos` smallint(6) unsigned NOT NULL,
  `nudiasrealizados` smallint(6) unsigned DEFAULT NULL,
  `dtrealentrega` date DEFAULT NULL,
  `txdescricaoproblema` varchar(250) COLLATE utf8_bin NOT NULL,
  `txdescricaosolucao` varchar(250) COLLATE utf8_bin NOT NULL,
  `dtcadexecucao` date NOT NULL,
  PRIMARY KEY (`pkexecucao`),
  KEY `ifkservico` (`fkservico`),
  KEY `ifkveiculo` (`fkveiculo`),
  KEY `ifkoficina` (`fkoficina`),
  CONSTRAINT `fkexecucoesoficinas` FOREIGN KEY (`fkoficina`) REFERENCES `oficinas` (`pkoficina`),
  CONSTRAINT `fkexecucoesservicos` FOREIGN KEY (`fkservico`) REFERENCES `servicos` (`pkservico`),
  CONSTRAINT `fkexecucoesveiculos` FOREIGN KEY (`fkveiculo`) REFERENCES `veiculos` (`pkveiculo`)
) ENGINE=InnoDB DEFAULT CHARSET=utf8 COLLATE=utf8_bin;

-- Copiando dados para a tabela lbtar2.execucoes: ~0 rows (aproximadamente)
/*!40000 ALTER TABLE `execucoes` DISABLE KEYS */;
/*!40000 ALTER TABLE `execucoes` ENABLE KEYS */;

-- Copiando estrutura para tabela lbtar2.fabricantes
CREATE TABLE IF NOT EXISTS `fabricantes` (
  `pkfabricante` smallint(6) unsigned NOT NULL,
  `txnome` varchar(250) COLLATE utf8_bin NOT NULL,
  `txrazaosocial` varchar(250) COLLATE utf8_bin NOT NULL,
  `fklogradouro` smallint(6) unsigned DEFAULT NULL,
  `txcomplemento` varchar(80) COLLATE utf8_bin DEFAULT NULL,
  `nucep` char(8) COLLATE utf8_bin DEFAULT NULL,
  `dtcadfabricante` date NOT NULL,
  PRIMARY KEY (`pkfabricante`),
  KEY `ifklogradouro` (`fklogradouro`),
  CONSTRAINT `fkfabricanteslogradouros` FOREIGN KEY (`fklogradouro`) REFERENCES `logradouros` (`pklogradouro`)
) ENGINE=InnoDB DEFAULT CHARSET=utf8 COLLATE=utf8_bin;

-- Copiando dados para a tabela lbtar2.fabricantes: ~8 rows (aproximadamente)
/*!40000 ALTER TABLE `fabricantes` DISABLE KEYS */;
INSERT INTO `fabricantes` (`pkfabricante`, `txnome`, `txrazaosocial`, `fklogradouro`, `txcomplemento`, `nucep`, `dtcadfabricante`) VALUES
	(1, 'Volkswagen', 'Fabrica de automóveis volkswagen S/C Ltda.', 530, ' 1456', '11452145', '2011-06-10'),
	(2, 'Fiat', 'Fabrica Italiana de automóveis S/C Ltda.', 420, ' 234', '11452145', '2010-10-10'),
	(3, 'GM', 'General motors do Brasil S/C Ltda.', 560, ' 234', '11451245', '2012-10-10'),
	(4, 'Ford', 'Companhia FORD de automóveis S/C Ltda.', 420, ' 234', '11452145', '2010-10-10'),
	(5, 'Hyaundai', 'Fábrica de automóveis Hyundai S/C Ltda.', 560, ' 234', '11451245', '2012-10-10'),
	(6, 'Honda', 'Companhia HONDA de veículos automotivos S/C Ltda.', 420, ' 234', '11452145', '2010-10-10'),
	(7, 'Toyota', 'Fábrica de veículos automotivos Toyota S/C Ltda.', 560, ' 234', '11451245', '2012-10-10'),
	(8, 'Mitsubishi', 'Industria de veículos Mitsubishi S/C Ltda', 440, ' 456', '41452145', '2010-10-10');
/*!40000 ALTER TABLE `fabricantes` ENABLE KEYS */;

-- Copiando estrutura para tabela lbtar2.fabricantestels
CREATE TABLE IF NOT EXISTS `fabricantestels` (
  `pkfabricantetel` smallint(6) unsigned NOT NULL,
  `fkfabricante` smallint(6) unsigned NOT NULL,
  `fktipotelefone` smallint(6) unsigned NOT NULL,
  `nutelefone` char(15) COLLATE utf8_bin NOT NULL,
  `dtcadfabricantetel` date NOT NULL,
  PRIMARY KEY (`pkfabricantetel`),
  KEY `ifkfabricante` (`fkfabricante`),
  KEY `ifktipotelefone` (`fktipotelefone`),
  CONSTRAINT `fkfabricantestelsfabricantes` FOREIGN KEY (`fkfabricante`) REFERENCES `fabricantes` (`pkfabricante`),
  CONSTRAINT `fkfabricantestelstelefonestipos` FOREIGN KEY (`fktipotelefone`) REFERENCES `telefonestipos` (`pktipotelefone`)
) ENGINE=InnoDB DEFAULT CHARSET=utf8 COLLATE=utf8_bin COMMENT='fabritls';

-- Copiando dados para a tabela lbtar2.fabricantestels: ~0 rows (aproximadamente)
/*!40000 ALTER TABLE `fabricantestels` DISABLE KEYS */;
/*!40000 ALTER TABLE `fabricantestels` ENABLE KEYS */;

-- Copiando estrutura para view lbtar2.faturas
-- Criando tabela temporária para evitar erros de dependência de VIEW
CREATE TABLE `faturas` (
	`pkfatura` SMALLINT(6) UNSIGNED NOT NULL,
	`fknotafiscal` SMALLINT(6) UNSIGNED NOT NULL,
	`dtvencimento` DATE NOT NULL,
	`vlfatura` DECIMAL(10,2) UNSIGNED NOT NULL,
	`vldesconto` DECIMAL(10,2) UNSIGNED NOT NULL,
	`vlliquido` DECIMAL(10,2) UNSIGNED NOT NULL,
	`vlmulta` DECIMAL(10,2) UNSIGNED NOT NULL,
	`vljuros` DECIMAL(10,2) UNSIGNED NOT NULL,
	`dtcriacaofatura` DATE NOT NULL,
	`dtcadfatura` DATE NOT NULL,
	`aotipo` VARCHAR(1) NOT NULL COLLATE 'utf8mb4_general_ci'
) ENGINE=MyISAM;

-- Copiando estrutura para tabela lbtar2.faturascompras
CREATE TABLE IF NOT EXISTS `faturascompras` (
  `pkfatura` smallint(6) unsigned NOT NULL,
  `fknotafiscal` smallint(6) unsigned NOT NULL,
  `dtvencimento` date NOT NULL,
  `vlfatura` decimal(10,2) unsigned NOT NULL,
  `vldesconto` decimal(10,2) unsigned NOT NULL,
  `vlliquido` decimal(10,2) unsigned NOT NULL,
  `vlmulta` decimal(10,2) unsigned NOT NULL,
  `vljuros` decimal(10,2) unsigned NOT NULL,
  `dtcriacaofatura` date NOT NULL,
  `dtcadfatura` date NOT NULL,
  PRIMARY KEY (`pkfatura`),
  KEY `ifknotafiscal` (`fknotafiscal`),
  CONSTRAINT `fkfaturascomprasnfcompras` FOREIGN KEY (`fknotafiscal`) REFERENCES `nfcompras` (`pknunfcompra`)
) ENGINE=InnoDB DEFAULT CHARSET=utf8 COLLATE=utf8_bin;

-- Copiando dados para a tabela lbtar2.faturascompras: ~0 rows (aproximadamente)
/*!40000 ALTER TABLE `faturascompras` DISABLE KEYS */;
/*!40000 ALTER TABLE `faturascompras` ENABLE KEYS */;

-- Copiando estrutura para tabela lbtar2.faturasvendas
CREATE TABLE IF NOT EXISTS `faturasvendas` (
  `pkfatura` smallint(6) unsigned NOT NULL,
  `fknotafiscal` smallint(6) unsigned NOT NULL,
  `dtvencimento` date NOT NULL,
  `vlfatura` decimal(10,2) unsigned NOT NULL,
  `vldesconto` decimal(10,2) unsigned NOT NULL,
  `vlliquido` decimal(10,2) unsigned NOT NULL,
  `vlmulta` decimal(10,2) unsigned NOT NULL,
  `vljuros` decimal(10,2) unsigned NOT NULL,
  `dtcriacaofatura` date NOT NULL,
  `dtcadfatura` date NOT NULL,
  PRIMARY KEY (`pkfatura`),
  KEY `ifknotafiscal` (`fknotafiscal`),
  CONSTRAINT `fkfaturasvendasnfvendas` FOREIGN KEY (`fknotafiscal`) REFERENCES `nfvendas` (`pknunfvenda`)
) ENGINE=InnoDB DEFAULT CHARSET=utf8 COLLATE=utf8_bin;

-- Copiando dados para a tabela lbtar2.faturasvendas: ~0 rows (aproximadamente)
/*!40000 ALTER TABLE `faturasvendas` DISABLE KEYS */;
/*!40000 ALTER TABLE `faturasvendas` ENABLE KEYS */;

-- Copiando estrutura para tabela lbtar2.feitospor
CREATE TABLE IF NOT EXISTS `feitospor` (
  `pkfeitospor` smallint(6) unsigned NOT NULL,
  `fkoficina` smallint(6) unsigned NOT NULL,
  `fkservico` smallint(6) unsigned NOT NULL,
  `txdescricaocomplementar` varchar(250) COLLATE utf8_bin DEFAULT NULL,
  `dtcadfeitospor` date NOT NULL,
  PRIMARY KEY (`pkfeitospor`),
  KEY `ifkoficina` (`fkoficina`),
  KEY `ifkservico` (`fkservico`),
  CONSTRAINT `fkfeitosporoficinas` FOREIGN KEY (`fkoficina`) REFERENCES `oficinas` (`pkoficina`),
  CONSTRAINT `fkfeitosporservicos` FOREIGN KEY (`fkservico`) REFERENCES `servicos` (`pkservico`)
) ENGINE=InnoDB DEFAULT CHARSET=utf8 COLLATE=utf8_bin;

-- Copiando dados para a tabela lbtar2.feitospor: ~0 rows (aproximadamente)
/*!40000 ALTER TABLE `feitospor` DISABLE KEYS */;
/*!40000 ALTER TABLE `feitospor` ENABLE KEYS */;

-- Copiando estrutura para tabela lbtar2.fornecedores
CREATE TABLE IF NOT EXISTS `fornecedores` (
  `pkfornecedor` smallint(6) unsigned NOT NULL,
  `txnome` varchar(250) COLLATE utf8_bin NOT NULL,
  `txrazaosocial` varchar(250) COLLATE utf8_bin NOT NULL,
  `fklogradouro` smallint(6) unsigned DEFAULT NULL,
  `txcomplemento` varchar(80) COLLATE utf8_bin DEFAULT NULL,
  `nucep` char(8) COLLATE utf8_bin DEFAULT NULL,
  `vllimitevenda` decimal(15,2) unsigned NOT NULL,
  `dtcadfornecedor` date NOT NULL,
  PRIMARY KEY (`pkfornecedor`),
  KEY `ifklogradouro` (`fklogradouro`),
  CONSTRAINT `fkfornecedoreslogradouros` FOREIGN KEY (`fklogradouro`) REFERENCES `logradouros` (`pklogradouro`)
) ENGINE=InnoDB DEFAULT CHARSET=utf8 COLLATE=utf8_bin;

-- Copiando dados para a tabela lbtar2.fornecedores: ~4 rows (aproximadamente)
/*!40000 ALTER TABLE `fornecedores` DISABLE KEYS */;
INSERT INTO `fornecedores` (`pkfornecedor`, `txnome`, `txrazaosocial`, `fklogradouro`, `txcomplemento`, `nucep`, `vllimitevenda`, `dtcadfornecedor`) VALUES
	(1, 'Fazenda Rio Branco', 'Latic', 370, ' Km 350', '1234234', 100000.00, '2008-01-20'),
	(2, 'Leite Mont Blanc', 'Laticinio Mont Blanc S/C Ltda.', 590, ' Km 289', '12345678', 120000.00, '2010-10-10'),
	(3, 'FDT', 'FDT - Editores Associados S/C Ltda.', 460, ' 1254', '14514251', 15000.00, '2010-10-10'),
	(4, 'Hamburgueria Girafa', 'Restaurante Franco-Italiano Girafa S/C Ltda.', 70, ' 4345', '12345678', 5000.00, '1998-10-10');
/*!40000 ALTER TABLE `fornecedores` ENABLE KEYS */;

-- Copiando estrutura para tabela lbtar2.fornecedorestels
CREATE TABLE IF NOT EXISTS `fornecedorestels` (
  `pkfornecedortel` smallint(6) unsigned NOT NULL,
  `fkfornecedor` smallint(6) unsigned NOT NULL,
  `fktipotelefone` smallint(6) unsigned NOT NULL,
  `nutelefone` char(15) COLLATE utf8_bin NOT NULL,
  `dtcadfornecedortel` date NOT NULL,
  PRIMARY KEY (`pkfornecedortel`),
  KEY `ifkfornecedor` (`fkfornecedor`),
  KEY `ifktipotelefone` (`fktipotelefone`),
  CONSTRAINT `fkfornecedorestelsfornecedores` FOREIGN KEY (`fkfornecedor`) REFERENCES `fornecedores` (`pkfornecedor`),
  CONSTRAINT `fkfornecedorestelstelefonestipos` FOREIGN KEY (`fktipotelefone`) REFERENCES `telefonestipos` (`pktipotelefone`)
) ENGINE=InnoDB DEFAULT CHARSET=utf8 COLLATE=utf8_bin COMMENT='fornetls';

-- Copiando dados para a tabela lbtar2.fornecedorestels: ~0 rows (aproximadamente)
/*!40000 ALTER TABLE `fornecedorestels` DISABLE KEYS */;
/*!40000 ALTER TABLE `fornecedorestels` ENABLE KEYS */;

-- Copiando estrutura para tabela lbtar2.fornecimentos
CREATE TABLE IF NOT EXISTS `fornecimentos` (
  `pkfornecimento` smallint(6) unsigned NOT NULL,
  `fkproduto` smallint(6) unsigned NOT NULL,
  `fkfornecedor` smallint(6) unsigned NOT NULL,
  `dtultimofornecimento` date NOT NULL,
  `vlultimofornecimento` decimal(15,2) unsigned NOT NULL,
  `dtcadfornecimento` date NOT NULL,
  PRIMARY KEY (`pkfornecimento`),
  KEY `ifkproduto` (`fkproduto`),
  KEY `ifkfornecedor` (`fkfornecedor`),
  CONSTRAINT `fkfornecimentosfornecedores` FOREIGN KEY (`fkfornecedor`) REFERENCES `fornecedores` (`pkfornecedor`),
  CONSTRAINT `fkfornecimentosprodutos` FOREIGN KEY (`fkproduto`) REFERENCES `produtos` (`pkproduto`)
) ENGINE=InnoDB DEFAULT CHARSET=utf8 COLLATE=utf8_bin;

-- Copiando dados para a tabela lbtar2.fornecimentos: ~0 rows (aproximadamente)
/*!40000 ALTER TABLE `fornecimentos` DISABLE KEYS */;
/*!40000 ALTER TABLE `fornecimentos` ENABLE KEYS */;

-- Copiando estrutura para tabela lbtar2.funcionarios
CREATE TABLE IF NOT EXISTS `funcionarios` (
  `pkfuncionario` smallint(6) unsigned NOT NULL,
  `txprenome` varchar(60) COLLATE utf8_bin NOT NULL,
  `txsobrenome` varchar(40) COLLATE utf8_bin NOT NULL,
  `fkdepto` char(3) COLLATE utf8_bin NOT NULL,
  `fkfuncao` smallint(6) unsigned NOT NULL,
  `nuramal` char(4) COLLATE utf8_bin DEFAULT NULL,
  `fklogradouro` smallint(6) unsigned DEFAULT NULL,
  `txcomplemento` varchar(80) COLLATE utf8_bin DEFAULT NULL,
  `nucep` char(8) COLLATE utf8_bin DEFAULT NULL,
  `dtcontratacao` date NOT NULL,
  `fkniveleducacao` smallint(6) unsigned NOT NULL,
  `aosexo` char(1) COLLATE utf8_bin NOT NULL,
  `dtnascimento` date NOT NULL,
  `txresenha` text COLLATE utf8_bin,
  `vlsalario` decimal(9,2) unsigned NOT NULL,
  `vlbonus` decimal(9,2) unsigned NOT NULL,
  `vlcomissao` decimal(9,2) unsigned NOT NULL,
  `dtcadfuncionario` date NOT NULL,
  PRIMARY KEY (`pkfuncionario`),
  KEY `ifkfuncao` (`fkfuncao`),
  KEY `ifkniveleducacao` (`fkniveleducacao`),
  KEY `ifkdepto` (`fkdepto`),
  KEY `ifklogradouro` (`fklogradouro`),
  CONSTRAINT `fkfuncionariosdepartamentos` FOREIGN KEY (`fkdepto`) REFERENCES `departamentos` (`pkdepto`),
  CONSTRAINT `fkfuncionariosfuncoes` FOREIGN KEY (`fkfuncao`) REFERENCES `funcoes` (`pkfuncao`),
  CONSTRAINT `fkfuncionarioslogradouros` FOREIGN KEY (`fklogradouro`) REFERENCES `logradouros` (`pklogradouro`),
  CONSTRAINT `fkfuncionariosniveiseducacao` FOREIGN KEY (`fkniveleducacao`) REFERENCES `niveisdeeducacao` (`pkniveleducacao`)
) ENGINE=InnoDB DEFAULT CHARSET=utf8 COLLATE=utf8_bin COMMENT='\r\n';

-- Copiando dados para a tabela lbtar2.funcionarios: ~46 rows (aproximadamente)
/*!40000 ALTER TABLE `funcionarios` DISABLE KEYS */;
INSERT INTO `funcionarios` (`pkfuncionario`, `txprenome`, `txsobrenome`, `fkdepto`, `fkfuncao`, `nuramal`, `fklogradouro`, `txcomplemento`, `nucep`, `dtcontratacao`, `fkniveleducacao`, `aosexo`, `dtnascimento`, `txresenha`, `vlsalario`, `vlbonus`, `vlcomissao`, `dtcadfuncionario`) VALUES
	(1, 'Cristiane', 'Ines Vlack', 'A01', 1, '3978', 350, ' 1243', '12345678', '1995-01-01', 8, 'F', '1963-08-24', '', 152750.00, 1000.00, 4220.00, '2018-02-04'),
	(2, 'Miguel', 'Lourenço Thompson', 'B01', 3, '3476', 470, ' 1492', '12345678', '2003-10-10', 8, 'M', '1978-02-02', '', 94250.00, 800.00, 3300.00, '2018-02-04'),
	(3, 'Sabrina', 'Alvarenga', 'C01', 2, '4738', 470, ' 234', '12345678', '2005-04-05', 8, 'F', '1971-05-11', '', 98250.00, 800.00, 3060.00, '2018-02-04'),
	(4, 'José', 'Maida Junior', 'E11', 10, '3332', 470, ' 234', '12345678', '1994-09-12', 9, 'F', '1961-04-21', '', 35900.00, 300.00, 1272.00, '2018-02-04'),
	(5, 'João', 'Benedito Geyer', 'E01', 5, '6789', 610, ' 6500', '12345678', '1979-08-17', 6, 'M', '1955-09-15', '', 80175.00, 800.00, 3214.00, '2018-02-04'),
	(6, 'Irving', 'Frederic Stern', 'D11', 4, '6423', 380, ' 125 - 15And Ap 156', '12345678', '2003-09-14', 6, 'M', '1975-07-07', '', 72250.00, 500.00, 2580.00, '2018-02-04'),
	(7, 'Eva', 'Podalski', 'D01', 10, '7831', 360, ' 1400', '12345678', '2005-09-30', 6, 'F', '2003-05-26', '', 96170.00, 700.00, 2893.00, '2018-02-04'),
	(8, 'Ramlal', 'Vencilaus Mehta', 'E21', 10, '9990', 520, ' 1245', '12345678', '1995-07-07', 6, 'M', '1962-08-11', '', 39950.00, 400.00, 1596.00, '2018-02-04'),
	(9, 'Eleanor', 'Wishburn Henderson', 'E11', 10, '5498', 390, ' 150', '12345678', '2000-08-15', 6, 'F', '1971-05-15', '', 89750.00, 600.00, 2380.00, '2018-02-04'),
	(10, 'Theodore', 'Frankling Roosevelt', 'E21', 6, '0972', 600, ' 985', '12345678', '2000-06-19', 4, 'M', '1980-12-18', '', 86150.00, 500.00, 2092.00, '2018-02-04'),
	(11, 'Lucas', 'Nogueira Garcez', 'A01', 7, '3490', 570, ' 25 - Vila Siqueira', '12345678', '1988-05-16', 9, 'M', '1959-11-05', '', 66500.00, 900.00, 3720.00, '2018-02-04'),
	(12, 'José', 'Carlos de Figueiredo Ferraz', 'A01', 8, '2167', 590, ' 35 - Camp', '12345678', '1993-12-05', 4, 'M', '1972-10-18', '', 49250.00, 600.00, 2340.00, '2018-02-04'),
	(13, 'Mario', 'José Quintana', 'C01', 7, '4578', 580, ' 345', '12345678', '2001-07-28', 6, 'F', '1955-09-15', '', 73800.00, 500.00, 1904.00, '2018-02-04'),
	(15, 'Bruce', 'Willian Adamson', 'A01', 7, '4510', 490, ' 452', '12345678', '2002-02-12', 6, 'M', '1977-05-17', '', 55280.00, 500.00, 2022.00, '2018-02-04'),
	(16, 'Elizabete', 'Renilda Tavares', 'D11', 6, '3782', 550, ' 567', '12345678', '2006-10-11', 7, 'F', '1980-04-12', '', 62250.00, 400.00, 1780.00, '2018-02-04'),
	(17, 'Massatoshi', 'Jung Yoshimura', 'D11', 7, '2890', 540, ' 234', '12345678', '1999-09-15', 6, 'M', '1981-01-05', '', 44680.00, 500.00, 1974.00, '2018-02-04'),
	(18, 'Marília', 'Macorin Gomes', 'D11', 7, '1682', 450, ' 1234', '12345678', '2003-07-07', 7, 'F', '1979-02-21', '', 51340.00, 500.00, 1707.00, '2018-02-04'),
	(19, 'Jaime', 'Afonso Pereira', 'D11', 9, '2986', 290, ' 234', '12345678', '2004-07-26', 6, 'M', '1982-06-25', '', 50450.00, 400.00, 1636.00, '2018-02-04'),
	(20, 'David ', 'Luis de Souza', 'D11', 9, '4501', 330, ' 1450', '12345678', '2002-03-03', 6, 'M', '1971-05-29', '', 57740.00, 600.00, 2217.00, '2018-02-04'),
	(21, 'Maria', 'Teresa de Souza', 'D11', 10, '0942', 460, ' 1254', '12345678', '1998-04-11', 7, 'M', '2003-02-23', '', 68270.00, 400.00, 1462.00, '2018-02-04'),
	(22, 'Walter', 'Smith Lutz', 'D11', 10, '0672', 430, ' 234', '12345678', '1998-08-29', 8, 'F', '1978-03-19', '', 49840.00, 600.00, 2387.00, '2018-02-04'),
	(23, 'Jeferson', 'Brito Alvarenga', 'A11', 7, '2094', 530, ' 1456', '12345678', '1996-11-21', 6, 'M', '1980-05-30', '', 42180.00, 400.00, 1774.00, '2018-02-04'),
	(24, 'Silvia', 'Salvatore Marino', 'D01', 10, '3780', 420, ' 234', '12345678', '2004-12-05', 7, 'M', '2002-03-31', '', 48760.00, 600.00, 2301.00, '2018-02-04'),
	(25, 'Daniel', 'Luis da Silva', 'D01', 9, '0961', 560, ' 234', '12345678', '1999-10-30', 5, 'M', '1969-11-12', '', 49180.00, 400.00, 1534.00, '2018-02-04'),
	(26, 'Sibil', 'Louise Johnson', 'D01', 9, '8953', 440, ' 456', '12345678', '2005-09-11', 6, 'F', '1976-10-05', '', 47250.00, 300.00, 1380.00, '2018-02-04'),
	(27, 'Silvio', 'Luis Pereira', 'D01', 10, '9001', 100, ' 34000', '12345678', '2006-09-30', 5, 'F', '2003-05-26', '', 37380.00, 500.00, 2190.00, '2018-02-04'),
	(28, 'Suelen', 'Schneider', 'E11', 10, '8997', 490, ' 452', '12345678', '1997-03-24', 7, 'F', '1981-05-21', '', 36250.00, 500.00, 2100.00, '2018-02-04'),
	(29, 'João', 'Medina Parker', 'E11', 10, '4502', 350, ' 1243', '12345678', '2006-05-30', 9, 'M', '1985-07-09', '', 35340.00, 300.00, 1227.00, '2018-02-04'),
	(30, 'Philip', 'Willians Brown', 'E11', 10, '2095', 550, ' 567', '12345678', '2002-06-19', 6, 'M', '1976-10-27', '', 37750.00, 400.00, 1420.00, '2018-02-04'),
	(31, 'Willian', 'Lee', 'E21', 8, '2103', 600, ' 985', '12345678', '2006-02-23', 7, 'M', '1971-07-18', '', 45370.00, 500.00, 2030.00, '2018-02-04'),
	(32, 'Roberto', 'Gabriel Sales', 'E21', 9, '5698', 590, ' 35 - Camp', '12345678', '1977-05-05', 6, 'M', '1956-05-17', '', 43840.00, 500.00, 1907.00, '2018-02-04'),
	(33, 'Silas', 'Ernest Hemingway', 'A01', 8, '3978', 470, ' 1492', '12345678', '1995-01-01', 8, 'F', '1973-08-14', '', 46500.00, 1000.00, 4220.00, '2018-02-04'),
	(34, 'Ataulfo', 'Gregório Alves', 'A01', 7, '2167', 470, ' 234', '12345678', '2002-05-05', 8, 'M', '1972-10-18', '', 39250.00, 600.00, 2340.00, '2018-02-04'),
	(35, 'Ethan', 'Natan Zurke', 'C01', 8, '1793', 470, ' 234', '12345678', '2006-12-15', 8, 'F', '1976-01-19', '', 68420.00, 600.00, 2274.00, '2018-02-04'),
	(36, 'Hisoshi', 'Yamamoto', 'D11', 7, '2890', 470, ' 234', '12345678', '2005-09-15', 6, 'M', '1981-01-05', '', 64680.00, 500.00, 1974.00, '2018-02-04'),
	(37, 'Roberta', 'Maria Zomer', 'D11', 8, '0672', 610, ' 6500', '12345678', '2005-08-29', 8, 'F', '1978-03-19', '', 69840.00, 600.00, 2387.00, '2018-02-04'),
	(38, 'Ruiz', 'Monteverde', 'D01', 8, '3780', 610, ' 6500', '12345678', '2004-12-05', 7, 'M', '1984-03-31', '', 37760.00, 600.00, 2301.00, '2018-02-04'),
	(39, 'Elijah', 'Schwartz Mendelssohn', 'E11', 9, '8997', 360, ' 1400', '12345678', '1997-03-24', 7, 'F', '1966-03-28', '', 46250.00, 500.00, 2100.00, '2018-02-04'),
	(40, 'Michelle', 'Souza Ramos', 'E11', 9, '3332', 520, ' 1245', '12345678', '1994-09-12', 9, 'F', '1961-04-21', '', 35900.00, 300.00, 1272.00, '2018-02-04'),
	(41, 'Helena', 'Wang Duke', 'E21', 9, '2103', 600, ' 985', '12345678', '2006-02-23', 7, 'F', '1971-07-18', '', 35370.00, 500.00, 2030.00, '2018-02-04'),
	(42, 'Pedro', 'Ramon Alonzo', 'E21', 10, '5698', 590, ' 35 - Camp', '12345678', '1997-07-05', 6, 'M', '1956-05-17', '', 31840.00, 500.00, 1907.00, '2018-02-04'),
	(43, 'Ramon', 'Faria Bueno', 'D01', 9, '2145', 570, ' 25 - Vila Siqueira', '12345678', '2010-05-20', 4, 'M', '1965-08-15', '', 1250.00, 100.00, 500.00, '2018-02-04'),
	(44, 'Theodoro', 'Abreu da Silva', 'A01', 10, '3232', 570, ' 25 - Vila Siqueira', '12345678', '2010-05-10', 4, 'M', '1985-10-20', '', 1600.00, 200.00, 200.00, '2018-02-04'),
	(45, 'Louis', 'Daniel Armstrong', 'A01', 1, '452', 590, ' 35 - Camp', '12345678', '2002-10-20', 8, 'M', '1958-05-15', '', 2500.00, 500.00, 400.00, '2018-02-04'),
	(46, 'Ella', 'Jane Fitzgerald', 'B01', 1, '452', 600, ' 985', '12345678', '2002-10-20', 8, 'F', '1958-05-14', '', 2500.00, 500.00, 400.00, '2018-02-04'),
	(47, 'Leonidas', 'Mecenas Polidoro', 'D11', 5, '666', 600, ' 985', '12345678', '1901-10-10', 7, 'M', '1960-05-05', '', 12000.00, 1000.00, 500.00, '2018-02-04');
/*!40000 ALTER TABLE `funcionarios` ENABLE KEYS */;

-- Copiando estrutura para tabela lbtar2.funcionariosplanos
CREATE TABLE IF NOT EXISTS `funcionariosplanos` (
  `pkfuncionarioplano` smallint(6) unsigned NOT NULL,
  `fkfuncionario` smallint(6) unsigned NOT NULL,
  `fkplanodesaude` smallint(6) unsigned NOT NULL,
  `dtvinculacao` date DEFAULT NULL,
  `dtdesligamento` date DEFAULT NULL,
  `dtcadfuncionarioplano` date NOT NULL,
  PRIMARY KEY (`pkfuncionarioplano`),
  KEY `ifkplanodesaude` (`fkplanodesaude`),
  KEY `ifkfuncionario` (`fkfuncionario`),
  CONSTRAINT `fkfuncionariosplanosfuncionarios` FOREIGN KEY (`fkfuncionario`) REFERENCES `funcionarios` (`pkfuncionario`),
  CONSTRAINT `fkfuncionariosplanosplanosdesaude` FOREIGN KEY (`fkplanodesaude`) REFERENCES `planosdesaude` (`pkplanodesaude`)
) ENGINE=InnoDB DEFAULT CHARSET=utf8 COLLATE=utf8_bin;

-- Copiando dados para a tabela lbtar2.funcionariosplanos: ~48 rows (aproximadamente)
/*!40000 ALTER TABLE `funcionariosplanos` DISABLE KEYS */;
INSERT INTO `funcionariosplanos` (`pkfuncionarioplano`, `fkfuncionario`, `fkplanodesaude`, `dtvinculacao`, `dtdesligamento`, `dtcadfuncionarioplano`) VALUES
	(1, 15, 2, '2006-10-10', '2007-10-10', '2018-02-12'),
	(2, 15, 4, '2005-10-10', '2006-10-10', '2018-02-12'),
	(3, 1, 1, '2015-10-10', NULL, '2017-10-10'),
	(4, 2, 1, '2015-10-10', NULL, '2017-10-10'),
	(5, 3, 1, '2015-10-10', NULL, '2017-10-10'),
	(6, 4, 1, '2015-10-10', NULL, '2017-10-10'),
	(7, 5, 1, '2015-10-10', NULL, '2017-10-10'),
	(8, 6, 5, '2015-10-10', NULL, '2017-10-10'),
	(9, 7, 5, '2015-10-10', NULL, '2017-10-10'),
	(10, 8, 5, '2015-10-10', NULL, '2017-10-10'),
	(11, 9, 5, '2015-10-10', NULL, '2017-10-10'),
	(12, 10, 2, '2015-10-10', NULL, '2017-10-10'),
	(13, 11, 2, '2015-10-10', NULL, '2017-10-10'),
	(14, 12, 2, '2015-10-10', NULL, '2017-10-10'),
	(15, 13, 4, '2015-10-10', NULL, '2017-10-10'),
	(16, 15, 4, '2015-10-10', NULL, '2017-10-10'),
	(17, 16, 4, '2015-10-10', NULL, '2017-10-10'),
	(18, 17, 2, '2015-10-10', NULL, '2017-10-10'),
	(19, 18, 2, '2015-10-10', NULL, '2017-10-10'),
	(20, 19, 5, '2015-10-10', NULL, '2017-10-10'),
	(21, 20, 5, '2015-10-10', NULL, '2017-10-10'),
	(22, 21, 5, '2015-10-10', NULL, '2017-10-10'),
	(23, 22, 5, '2015-10-10', NULL, '2017-10-10'),
	(24, 23, 5, '2015-10-10', NULL, '2017-10-10'),
	(25, 24, 1, '2015-10-10', NULL, '2017-10-10'),
	(26, 25, 1, '2015-10-10', NULL, '2017-10-10'),
	(27, 26, 1, '2015-10-10', NULL, '2017-10-10'),
	(28, 27, 1, '2015-10-10', NULL, '2017-10-10'),
	(29, 28, 1, '2015-10-10', NULL, '2017-10-10'),
	(30, 29, 1, '2015-10-10', NULL, '2017-10-10'),
	(31, 30, 1, '2015-10-10', NULL, '2017-10-10'),
	(32, 31, 4, '2015-10-10', NULL, '2017-10-10'),
	(33, 32, 4, '2015-10-10', NULL, '2017-10-10'),
	(34, 33, 4, '2015-10-10', NULL, '2017-10-10'),
	(35, 34, 4, '2015-10-10', NULL, '2017-10-10'),
	(36, 35, 4, '2015-10-10', NULL, '2017-10-10'),
	(37, 36, 4, '2015-10-10', NULL, '2017-10-10'),
	(38, 37, 4, '2015-10-10', NULL, '2017-10-10'),
	(39, 38, 4, '2015-10-10', NULL, '2017-10-10'),
	(40, 39, 4, '2015-10-10', NULL, '2017-10-10'),
	(41, 40, 4, '2015-10-10', NULL, '2017-10-10'),
	(42, 41, 5, '2015-10-10', NULL, '2017-10-10'),
	(43, 42, 5, '2015-10-10', NULL, '2017-10-10'),
	(44, 43, 5, '2015-10-10', NULL, '2017-10-10'),
	(45, 44, 5, '2015-10-10', NULL, '2017-10-10'),
	(46, 45, 5, '2015-10-10', NULL, '2017-10-10'),
	(47, 46, 5, '2015-10-10', NULL, '2017-10-10'),
	(48, 47, 5, '2015-10-10', NULL, '2017-10-10');
/*!40000 ALTER TABLE `funcionariosplanos` ENABLE KEYS */;

-- Copiando estrutura para tabela lbtar2.funcionariostels
CREATE TABLE IF NOT EXISTS `funcionariostels` (
  `pkfuncionariotel` smallint(6) unsigned NOT NULL,
  `fkfuncionario` smallint(6) unsigned NOT NULL,
  `fktipotelefone` smallint(6) unsigned NOT NULL,
  `nutelefone` char(15) COLLATE utf8_bin NOT NULL,
  `dtcadfuncionariotel` date NOT NULL,
  PRIMARY KEY (`pkfuncionariotel`),
  KEY `ifkfuncionario` (`fkfuncionario`),
  KEY `ifktipotelefone` (`fktipotelefone`),
  CONSTRAINT `fkfuncionariostelsfuncionarios` FOREIGN KEY (`fkfuncionario`) REFERENCES `funcionarios` (`pkfuncionario`),
  CONSTRAINT `fkfuncionariostelstelefonestipos` FOREIGN KEY (`fktipotelefone`) REFERENCES `telefonestipos` (`pktipotelefone`)
) ENGINE=InnoDB DEFAULT CHARSET=utf8 COLLATE=utf8_bin;

-- Copiando dados para a tabela lbtar2.funcionariostels: ~0 rows (aproximadamente)
/*!40000 ALTER TABLE `funcionariostels` DISABLE KEYS */;
/*!40000 ALTER TABLE `funcionariostels` ENABLE KEYS */;

-- Copiando estrutura para tabela lbtar2.funcoes
CREATE TABLE IF NOT EXISTS `funcoes` (
  `pkfuncao` smallint(6) unsigned NOT NULL,
  `txnomefuncao` varchar(60) COLLATE utf8_bin NOT NULL,
  `dtcadfuncao` date NOT NULL,
  PRIMARY KEY (`pkfuncao`)
) ENGINE=InnoDB DEFAULT CHARSET=utf8 COLLATE=utf8_bin COMMENT='funcoesxx';

-- Copiando dados para a tabela lbtar2.funcoes: ~10 rows (aproximadamente)
/*!40000 ALTER TABLE `funcoes` DISABLE KEYS */;
INSERT INTO `funcoes` (`pkfuncao`, `txnomefuncao`, `dtcadfuncao`) VALUES
	(1, 'Presidente', '2018-02-01'),
	(2, 'Diretor', '2018-02-01'),
	(3, 'Gerente', '2018-02-01'),
	(4, 'Chefe de equipe', '2018-02-01'),
	(5, 'Analista de sistema senior', '2018-02-01'),
	(6, 'Analista de sistema pleno', '2018-02-01'),
	(7, 'Analista de sistema junior', '2018-02-01'),
	(8, 'Programador senior', '2018-02-01'),
	(9, 'Programador pleno', '2018-02-01'),
	(10, 'Programador trainee', '2018-02-01');
/*!40000 ALTER TABLE `funcoes` ENABLE KEYS */;

-- Copiando estrutura para tabela lbtar2.habilitacoes
CREATE TABLE IF NOT EXISTS `habilitacoes` (
  `pkhabilitacao` smallint(6) unsigned NOT NULL,
  `fkcurso` smallint(6) unsigned NOT NULL,
  `fkprofessor` smallint(6) unsigned NOT NULL,
  `dthabilitacao` date NOT NULL,
  `dtcapacitacao` date NOT NULL,
  `dtcadhabilitacao` date NOT NULL,
  PRIMARY KEY (`pkhabilitacao`),
  UNIQUE KEY `iukcurso` (`fkcurso`),
  UNIQUE KEY `iukprofessor` (`fkprofessor`),
  KEY `ifkcurso` (`fkcurso`),
  KEY `ifkprofessor` (`fkprofessor`),
  CONSTRAINT `fkhabilitacoescursos` FOREIGN KEY (`fkcurso`) REFERENCES `cursos` (`pkcurso`),
  CONSTRAINT `fkhabilitacoesprofessores` FOREIGN KEY (`fkprofessor`) REFERENCES `professores` (`pkprofessor`)
) ENGINE=InnoDB DEFAULT CHARSET=utf8 COLLATE=utf8_bin;

-- Copiando dados para a tabela lbtar2.habilitacoes: ~0 rows (aproximadamente)
/*!40000 ALTER TABLE `habilitacoes` DISABLE KEYS */;
/*!40000 ALTER TABLE `habilitacoes` ENABLE KEYS */;

-- Copiando estrutura para tabela lbtar2.historicoprofissional
CREATE TABLE IF NOT EXISTS `historicoprofissional` (
  `pkhistorico` smallint(6) unsigned NOT NULL,
  `fkfuncionario` smallint(6) unsigned NOT NULL,
  `fkempresa` smallint(6) unsigned NOT NULL,
  `fkatividade` smallint(6) unsigned NOT NULL,
  `dtinicio` date NOT NULL,
  `dttermino` date NOT NULL,
  `dtcadhistorico` date NOT NULL,
  PRIMARY KEY (`pkhistorico`),
  KEY `ifkfuncionario` (`fkfuncionario`),
  KEY `ifkempresa` (`fkempresa`),
  KEY `ifkatividade` (`fkatividade`),
  CONSTRAINT `fkhistoricoprofissionalatividades` FOREIGN KEY (`fkatividade`) REFERENCES `atividades` (`pkatividade`),
  CONSTRAINT `fkhistoricoprofissionalempresas` FOREIGN KEY (`fkempresa`) REFERENCES `empresas` (`pkempresa`),
  CONSTRAINT `fkhistoricoprofissionalfuncionarios` FOREIGN KEY (`fkfuncionario`) REFERENCES `funcionarios` (`pkfuncionario`)
) ENGINE=InnoDB DEFAULT CHARSET=utf8 COLLATE=utf8_bin;

-- Copiando dados para a tabela lbtar2.historicoprofissional: ~0 rows (aproximadamente)
/*!40000 ALTER TABLE `historicoprofissional` DISABLE KEYS */;
/*!40000 ALTER TABLE `historicoprofissional` ENABLE KEYS */;

-- Copiando estrutura para tabela lbtar2.instensinoniveiseduc
CREATE TABLE IF NOT EXISTS `instensinoniveiseduc` (
  `pkinstensinoniveiseduc` smallint(6) unsigned NOT NULL,
  `fkinstituicao` smallint(6) unsigned NOT NULL,
  `fkniveiseducacao` smallint(6) unsigned NOT NULL,
  `nutelefone` char(15) COLLATE utf8_bin NOT NULL,
  `dtcadinstensiniveleduc` date NOT NULL,
  PRIMARY KEY (`pkinstensinoniveiseduc`),
  KEY `ifkinstituicao` (`fkinstituicao`),
  KEY `ifkniveiseducacao` (`fkniveiseducacao`),
  CONSTRAINT `fkinstensinoniveiseducinstituicoesensino` FOREIGN KEY (`fkinstituicao`) REFERENCES `instituicoesensino` (`pkinstituicao`),
  CONSTRAINT `fkinstensinoniveiseducniveiseducacao` FOREIGN KEY (`fkniveiseducacao`) REFERENCES `niveisdeeducacao` (`pkniveleducacao`)
) ENGINE=InnoDB DEFAULT CHARSET=utf8 COLLATE=utf8_bin;

-- Copiando dados para a tabela lbtar2.instensinoniveiseduc: ~0 rows (aproximadamente)
/*!40000 ALTER TABLE `instensinoniveiseduc` DISABLE KEYS */;
/*!40000 ALTER TABLE `instensinoniveiseduc` ENABLE KEYS */;

-- Copiando estrutura para tabela lbtar2.instituicoesensino
CREATE TABLE IF NOT EXISTS `instituicoesensino` (
  `pkinstituicao` smallint(6) unsigned NOT NULL,
  `txnomeinstituicao` varchar(200) COLLATE utf8_bin NOT NULL,
  `fklogradouro` smallint(6) unsigned DEFAULT NULL,
  `txcomplemento` varchar(80) COLLATE utf8_bin DEFAULT NULL,
  `nucep` char(8) COLLATE utf8_bin DEFAULT NULL,
  `dtfundacao` date DEFAULT NULL,
  `dtcadinstituicaoensino` date NOT NULL,
  PRIMARY KEY (`pkinstituicao`),
  KEY `ifklogradouro` (`fklogradouro`),
  CONSTRAINT `fkinstituicoesensinologradouros` FOREIGN KEY (`fklogradouro`) REFERENCES `logradouros` (`pklogradouro`)
) ENGINE=InnoDB DEFAULT CHARSET=utf8 COLLATE=utf8_bin;

-- Copiando dados para a tabela lbtar2.instituicoesensino: ~5 rows (aproximadamente)
/*!40000 ALTER TABLE `instituicoesensino` DISABLE KEYS */;
INSERT INTO `instituicoesensino` (`pkinstituicao`, `txnomeinstituicao`, `fklogradouro`, `txcomplemento`, `nucep`, `dtfundacao`, `dtcadinstituicaoensino`) VALUES
	(1, 'Faculdade de Belas Artes', 60, ' 1500', '12767890', '1901-01-10', '2001-01-10'),
	(2, 'Faculdade de Arqitetura de Urbanismo de S', 120, ' 500', '', '1901-01-10', '2001-01-10'),
	(3, 'Escola Politecnica da USP', 10, ' 564 - sob a escada', '14514251', '1901-01-10', '2001-10-10'),
	(4, 'Escola de 1 e 2 Grau Amadeu Amaral', 500, ' 1200', '14215125', '1901-01-10', '1996-01-01'),
	(5, 'Escola Superior de Propaganda e Marketing', 470, ' 3456', '15642854', '1901-01-10', '2010-10-10');
/*!40000 ALTER TABLE `instituicoesensino` ENABLE KEYS */;

-- Copiando estrutura para tabela lbtar2.instituicoestels
CREATE TABLE IF NOT EXISTS `instituicoestels` (
  `pkinstituicaotel` smallint(6) unsigned NOT NULL,
  `fkinstituicao` smallint(6) unsigned NOT NULL,
  `fktipotelefone` smallint(6) unsigned NOT NULL,
  `nutelefone` char(15) COLLATE utf8_bin NOT NULL,
  `dtcadinsttel` date NOT NULL,
  PRIMARY KEY (`pkinstituicaotel`),
  KEY `ifktipotelefone` (`fktipotelefone`),
  KEY `ifkinsituicao` (`fkinstituicao`),
  CONSTRAINT `fkinstituicoestelsinstituicoesensino` FOREIGN KEY (`fkinstituicao`) REFERENCES `instituicoesensino` (`pkinstituicao`),
  CONSTRAINT `fkinstituicoestelstelefonestipos` FOREIGN KEY (`fktipotelefone`) REFERENCES `telefonestipos` (`pktipotelefone`)
) ENGINE=InnoDB DEFAULT CHARSET=utf8 COLLATE=utf8_bin;

-- Copiando dados para a tabela lbtar2.instituicoestels: ~0 rows (aproximadamente)
/*!40000 ALTER TABLE `instituicoestels` DISABLE KEYS */;
/*!40000 ALTER TABLE `instituicoestels` ENABLE KEYS */;

-- Copiando estrutura para tabela lbtar2.inventarios
CREATE TABLE IF NOT EXISTS `inventarios` (
  `fkproduto` smallint(6) unsigned NOT NULL DEFAULT '0',
  `fkfuncionario` smallint(6) unsigned NOT NULL DEFAULT '0',
  `dtinventario` date NOT NULL,
  `qtestoque` decimal(12,2) unsigned NOT NULL,
  `txlocal` varchar(128) COLLATE utf8_bin NOT NULL,
  `dtcadinventario` date NOT NULL,
  PRIMARY KEY (`fkproduto`,`fkfuncionario`,`dtinventario`),
  KEY `ifkproduto` (`fkproduto`),
  KEY `ifkfuncionario` (`fkfuncionario`),
  CONSTRAINT `fkinventariosfuncionarios` FOREIGN KEY (`fkfuncionario`) REFERENCES `funcionarios` (`pkfuncionario`),
  CONSTRAINT `fkinventariosprodutos` FOREIGN KEY (`fkproduto`) REFERENCES `produtos` (`pkproduto`)
) ENGINE=InnoDB DEFAULT CHARSET=utf8 COLLATE=utf8_bin COMMENT='inventar';

-- Copiando dados para a tabela lbtar2.inventarios: ~0 rows (aproximadamente)
/*!40000 ALTER TABLE `inventarios` DISABLE KEYS */;
/*!40000 ALTER TABLE `inventarios` ENABLE KEYS */;

-- Copiando estrutura para tabela lbtar2.livros
CREATE TABLE IF NOT EXISTS `livros` (
  `pklivro` smallint(6) unsigned NOT NULL,
  `txtituloacervo` varchar(90) COLLATE utf8_bin NOT NULL,
  `fkeditora` smallint(6) unsigned NOT NULL,
  `dtpublicacao` date NOT NULL,
  `nuanopublicacao` year(4) NOT NULL,
  `qtexemplaresacervo` smallint(6) unsigned NOT NULL,
  `qtexemplaresconsulta` smallint(6) unsigned DEFAULT NULL,
  `dtcadlivro` date NOT NULL,
  PRIMARY KEY (`pklivro`),
  KEY `ifkeditora` (`fkeditora`),
  CONSTRAINT `fklivroseditoras` FOREIGN KEY (`fkeditora`) REFERENCES `editoras` (`pkeditora`)
) ENGINE=InnoDB DEFAULT CHARSET=utf8 COLLATE=utf8_bin;

-- Copiando dados para a tabela lbtar2.livros: ~2 rows (aproximadamente)
/*!40000 ALTER TABLE `livros` DISABLE KEYS */;
INSERT INTO `livros` (`pklivro`, `txtituloacervo`, `fkeditora`, `dtpublicacao`, `nuanopublicacao`, `qtexemplaresacervo`, `qtexemplaresconsulta`, `dtcadlivro`) VALUES
	(1, 'A volta dos que não foram', 2, '2018-05-11', '2015', 20, 21, '2017-06-11'),
	(2, 'Procurando Nemo', 1, '2014-07-11', '2016', 5, 84, '2018-06-21');
/*!40000 ALTER TABLE `livros` ENABLE KEYS */;

-- Copiando estrutura para tabela lbtar2.logradouros
CREATE TABLE IF NOT EXISTS `logradouros` (
  `pklogradouro` smallint(6) unsigned NOT NULL,
  `txnomelogradouro` varchar(120) COLLATE utf8_bin NOT NULL,
  `fkbairro` smallint(6) unsigned NOT NULL,
  `dtcadlogradouro` date NOT NULL,
  PRIMARY KEY (`pklogradouro`),
  KEY `ifkbairro` (`fkbairro`),
  CONSTRAINT `fklogradourosbairros` FOREIGN KEY (`fkbairro`) REFERENCES `bairros` (`pkbairro`)
) ENGINE=InnoDB DEFAULT CHARSET=utf8 COLLATE=utf8_bin COMMENT='logradou';

-- Copiando dados para a tabela lbtar2.logradouros: ~61 rows (aproximadamente)
/*!40000 ALTER TABLE `logradouros` DISABLE KEYS */;
INSERT INTO `logradouros` (`pklogradouro`, `txnomelogradouro`, `fkbairro`, `dtcadlogradouro`) VALUES
	(10, 'R. dos alfineiros', 2, '1996-01-01'),
	(20, 'Av. Horacio Soares', 1, '1998-10-10'),
	(40, 'R. Luiz Antonio', 5, '2000-05-29'),
	(50, 'Av. Ricardo Berrini', 4, '2000-06-14'),
	(60, 'Av. Universitária', 2, '2001-01-10'),
	(70, 'R. Brigadeiro Luis Antonio', 1, '2001-01-10'),
	(80, 'R. 12 de Outubro', 5, '2001-05-16'),
	(90, 'R. Troncoso', 4, '2001-05-20'),
	(100, 'Rod. Anchieta', 5, '2001-05-20'),
	(110, 'R. Miguel Faria Lima', 1, '2001-08-21'),
	(120, 'Av. Politécnica', 1, '2001-10-10'),
	(130, 'R. das Laranjeiras', 3, '2002-01-21'),
	(140, 'R. Direita', 1, '2002-05-13'),
	(150, 'R. Roberto Simonsen', 3, '2002-05-16'),
	(160, 'R. dos Alfineiros', 4, '2002-05-28'),
	(170, 'R Quintino Bocaiuva', 4, '2002-10-21'),
	(180, 'Av. João Cabral de Mello Netto', 6, '2003-04-23'),
	(190, 'R. Sta Maria da Conceição', 6, '2003-05-27'),
	(200, 'R. Tavares de Miranda', 1, '2004-02-10'),
	(210, 'R. MMDC', 1, '2004-02-14'),
	(220, 'Av. Celso Garcia', 3, '2005-01-10'),
	(230, 'R. Circular', 2, '2005-02-16'),
	(240, 'Al. das Trombetas', 2, '2005-03-12'),
	(250, 'R. Celso Garcia', 3, '2005-03-25'),
	(260, 'Av. dos Autonomistas', 3, '2005-05-12'),
	(270, 'R. Brigadeiro Faria Lima', 6, '2005-05-14'),
	(280, 'R. Troncoso Perez', 3, '2005-05-20'),
	(290, 'Av. dos Timbiras', 1, '2005-05-20'),
	(300, 'Av. Campos Elíseos', 1, '2005-05-28'),
	(310, 'Av. Filadélfia', 5, '2005-09-18'),
	(320, 'Av. Maranhão', 2, '2005-12-13'),
	(330, 'Av. Liberdade', 1, '2006-04-20'),
	(340, 'R. Almeida Lima Gutemberg', 1, '2006-05-13'),
	(350, 'Al. Pamplona', 2, '2007-01-20'),
	(360, 'R. Augusta', 1, '2007-02-02'),
	(370, 'Estrada Ibitirama', 6, '2008-01-20'),
	(380, 'Praça Pérola Bygton', 2, '2009-10-10'),
	(390, 'R. Paulo Sá', 1, '2009-12-10'),
	(400, 'R. Altino Arantes', 4, '2010-02-12'),
	(410, 'R. Rui Barbosa', 6, '2010-02-12'),
	(420, 'R. dos Alfineiros', 1, '2010-10-10'),
	(430, 'R. São Joaquim', 3, '2010-10-10'),
	(440, 'R. Alba', 4, '2010-10-10'),
	(450, 'Av. Rubens de Almeida Falcão', 1, '2010-10-10'),
	(460, 'Av. Rio Branco', 7, '2010-10-10'),
	(470, 'Av. Ruben Berta', 2, '2010-10-10'),
	(480, 'R. dos Maias', 1, '2010-10-10'),
	(490, 'Av. Arthur Thomas', 2, '2010-10-10'),
	(500, 'R. Bela Cintra', 1, '2010-10-10'),
	(510, 'R. Quintino Bocaiuva', 5, '2010-10-10'),
	(520, 'R. Pamplona', 1, '2011-06-01'),
	(530, 'R. Bresser', 1, '2011-06-10'),
	(540, 'R. Cristóvão Bueno', 3, '2011-10-22'),
	(550, 'R. Gaspar Bueno de Almeida', 2, '2011-10-24'),
	(560, 'R. Paraisópolis', 1, '2012-10-10'),
	(570, 'Rod. Anhaguera', 1, '2012-10-10'),
	(580, 'R. Alvarenga Peixoto', 2, '2013-03-20'),
	(590, 'Rod. Castelo Branco', 1, '2014-01-20'),
	(600, 'R. Pelotas', 1, '2014-03-10'),
	(610, 'Av. Vital Brasil', 1, '2014-03-14'),
	(611, 'Av das Nações Unidas', 5, '2013-10-10');
/*!40000 ALTER TABLE `logradouros` ENABLE KEYS */;

-- Copiando estrutura para tabela lbtar2.medicos
CREATE TABLE IF NOT EXISTS `medicos` (
  `pkmedico` smallint(6) unsigned NOT NULL,
  `txnomemedico` varchar(200) COLLATE utf8_bin NOT NULL,
  `nucrm` smallint(6) unsigned NOT NULL,
  `fkespecialidade` smallint(6) unsigned NOT NULL,
  `fklogradouromoradia` smallint(6) unsigned NOT NULL,
  `txcomplementomoradia` varchar(80) COLLATE utf8_bin NOT NULL,
  `nucepmoradia` char(8) COLLATE utf8_bin DEFAULT NULL,
  `fklogradouroclinica` smallint(6) unsigned DEFAULT NULL,
  `txcomplementoclinica` varchar(80) COLLATE utf8_bin DEFAULT NULL,
  `nucepclinica` char(8) COLLATE utf8_bin DEFAULT NULL,
  `datcadmedico` date NOT NULL,
  PRIMARY KEY (`pkmedico`),
  UNIQUE KEY `iuknucrm` (`nucrm`),
  KEY `ifkespecialidade` (`fkespecialidade`),
  KEY `ifklogradouromoradia` (`fklogradouromoradia`),
  KEY `ifklogradouroclinica` (`fklogradouroclinica`),
  CONSTRAINT `fk1medicoslogradouros` FOREIGN KEY (`fklogradouroclinica`) REFERENCES `logradouros` (`pklogradouro`),
  CONSTRAINT `fkmedicosespecmedicas` FOREIGN KEY (`fkespecialidade`) REFERENCES `especmedicas` (`pkespecialidade`),
  CONSTRAINT `fkmedicoslogradouros` FOREIGN KEY (`fklogradouromoradia`) REFERENCES `logradouros` (`pklogradouro`)
) ENGINE=InnoDB DEFAULT CHARSET=utf8 COLLATE=utf8_bin;

-- Copiando dados para a tabela lbtar2.medicos: ~0 rows (aproximadamente)
/*!40000 ALTER TABLE `medicos` DISABLE KEYS */;
/*!40000 ALTER TABLE `medicos` ENABLE KEYS */;

-- Copiando estrutura para tabela lbtar2.movimentos
CREATE TABLE IF NOT EXISTS `movimentos` (
  `pkmovimento` smallint(6) unsigned NOT NULL,
  `fklivro` smallint(6) unsigned NOT NULL,
  `fkfuncionario` smallint(6) unsigned NOT NULL,
  `dtmovimento` date NOT NULL,
  `fktipomovimento` smallint(6) unsigned NOT NULL,
  `dtprevistadevolucao` date DEFAULT NULL,
  `dtrealdevolucao` date DEFAULT NULL,
  `dtcadmovimento` date NOT NULL,
  PRIMARY KEY (`pkmovimento`),
  KEY `ifkfuncionario` (`fkfuncionario`),
  KEY `ifktipomovimento` (`fktipomovimento`),
  KEY `ifklivro` (`fklivro`),
  CONSTRAINT `fkmovimentosfuncionarios` FOREIGN KEY (`fkfuncionario`) REFERENCES `funcionarios` (`pkfuncionario`),
  CONSTRAINT `fkmovimentoslivros` FOREIGN KEY (`fklivro`) REFERENCES `livros` (`pklivro`),
  CONSTRAINT `fkmovimentosmovimentostipos` FOREIGN KEY (`fktipomovimento`) REFERENCES `movimentostipos` (`pktipomovimento`)
) ENGINE=InnoDB DEFAULT CHARSET=utf8 COLLATE=utf8_bin COMMENT='moviment';

-- Copiando dados para a tabela lbtar2.movimentos: ~0 rows (aproximadamente)
/*!40000 ALTER TABLE `movimentos` DISABLE KEYS */;
/*!40000 ALTER TABLE `movimentos` ENABLE KEYS */;

-- Copiando estrutura para tabela lbtar2.movimentostipos
CREATE TABLE IF NOT EXISTS `movimentostipos` (
  `pktipomovimento` smallint(6) unsigned NOT NULL,
  `txnometipomov` varchar(80) COLLATE utf8_bin NOT NULL,
  `aopermiteretirada` char(1) COLLATE utf8_bin NOT NULL,
  `dtcadmovtipo` date NOT NULL,
  PRIMARY KEY (`pktipomovimento`)
) ENGINE=InnoDB DEFAULT CHARSET=utf8 COLLATE=utf8_bin COMMENT='movimtps';

-- Copiando dados para a tabela lbtar2.movimentostipos: ~8 rows (aproximadamente)
/*!40000 ALTER TABLE `movimentostipos` DISABLE KEYS */;
INSERT INTO `movimentostipos` (`pktipomovimento`, `txnometipomov`, `aopermiteretirada`, `dtcadmovtipo`) VALUES
	(1, 'Consulta', 'N', '2018-02-01'),
	(2, 'Retirada por aluno', 'S', '2018-02-01'),
	(3, 'Retirada pou funcionário', 'S', '2018-02-01'),
	(4, 'Retirada por professor', 'S', '2018-02-01'),
	(5, 'Emprestimo', 'S', '2018-02-01'),
	(6, 'Tombamento', 'N', '2018-02-01'),
	(7, 'Arquivamento', 'N', '2018-02-01'),
	(8, 'Compra', 'N', '2018-02-01');
/*!40000 ALTER TABLE `movimentostipos` ENABLE KEYS */;

-- Copiando estrutura para tabela lbtar2.nfcompras
CREATE TABLE IF NOT EXISTS `nfcompras` (
  `pknunfcompra` smallint(6) unsigned NOT NULL,
  `fkfornecedor` smallint(6) unsigned NOT NULL,
  `nunotafiscal` smallint(6) unsigned NOT NULL,
  `txnaturezaoperacao` varchar(200) COLLATE utf8_bin NOT NULL,
  `nucfop` smallint(6) unsigned NOT NULL,
  `dtnfcompra` date NOT NULL,
  `fkfuncionario` smallint(6) unsigned NOT NULL,
  `vltotalnfcompra` decimal(15,2) unsigned NOT NULL,
  `aosituacao` char(1) COLLATE utf8_bin NOT NULL,
  `txcomentarios` varchar(1000) COLLATE utf8_bin DEFAULT NULL,
  `dtcadnfcompra` date NOT NULL,
  PRIMARY KEY (`pknunfcompra`),
  UNIQUE KEY `iukfornecedor` (`fkfornecedor`),
  UNIQUE KEY `iuknunotafiscal` (`nunotafiscal`),
  KEY `ifkfornecedor` (`fkfornecedor`),
  KEY `ifkfuncionario` (`fkfuncionario`),
  CONSTRAINT `fknfcomprasfornecedores` FOREIGN KEY (`fkfornecedor`) REFERENCES `fornecedores` (`pkfornecedor`),
  CONSTRAINT `fknfcomprasfuncionarios` FOREIGN KEY (`fkfuncionario`) REFERENCES `funcionarios` (`pkfuncionario`)
) ENGINE=InnoDB DEFAULT CHARSET=utf8 COLLATE=utf8_bin;

-- Copiando dados para a tabela lbtar2.nfcompras: ~0 rows (aproximadamente)
/*!40000 ALTER TABLE `nfcompras` DISABLE KEYS */;
/*!40000 ALTER TABLE `nfcompras` ENABLE KEYS */;

-- Copiando estrutura para tabela lbtar2.nfcomprasitens
CREATE TABLE IF NOT EXISTS `nfcomprasitens` (
  `fknunfcompra` smallint(6) unsigned NOT NULL,
  `fkproduto` smallint(6) unsigned NOT NULL,
  `qtvendida` smallint(6) unsigned NOT NULL,
  `vlunitario` decimal(10,2) unsigned NOT NULL,
  `vldesconto` decimal(10,2) unsigned NOT NULL,
  PRIMARY KEY (`fknunfcompra`,`fkproduto`),
  KEY `ifknunfcompra` (`fknunfcompra`),
  KEY `ifkproduto` (`fkproduto`),
  CONSTRAINT `fknfcomprasitensnfvendas` FOREIGN KEY (`fknunfcompra`) REFERENCES `nfvendas` (`pknunfvenda`),
  CONSTRAINT `fknfcomprasitensprodutos` FOREIGN KEY (`fkproduto`) REFERENCES `produtos` (`pkproduto`)
) ENGINE=InnoDB DEFAULT CHARSET=utf8 COLLATE=utf8_bin;

-- Copiando dados para a tabela lbtar2.nfcomprasitens: ~0 rows (aproximadamente)
/*!40000 ALTER TABLE `nfcomprasitens` DISABLE KEYS */;
/*!40000 ALTER TABLE `nfcomprasitens` ENABLE KEYS */;

-- Copiando estrutura para tabela lbtar2.nfvendas
CREATE TABLE IF NOT EXISTS `nfvendas` (
  `pknunfvenda` smallint(6) unsigned NOT NULL,
  `txnaturezaoperacao` varchar(200) COLLATE utf8_bin NOT NULL,
  `nucfop` smallint(6) unsigned NOT NULL,
  `fkcliente` smallint(6) unsigned NOT NULL,
  `fkfuncionario` smallint(6) unsigned NOT NULL,
  `fkarmazem` smallint(6) unsigned NOT NULL,
  `vltotalnfvenda` decimal(15,2) unsigned NOT NULL,
  `dtvenda` date NOT NULL DEFAULT '0000-00-00',
  `dtemissao` date NOT NULL,
  `dtcadbfvenda` date NOT NULL,
  PRIMARY KEY (`pknunfvenda`),
  KEY `ifkarmazem` (`fkarmazem`),
  KEY `ifkcliente` (`fkcliente`),
  KEY `ifkfuncionario` (`fkfuncionario`),
  CONSTRAINT `fknfvendasarmazens` FOREIGN KEY (`fkarmazem`) REFERENCES `armazens` (`pkarmazem`),
  CONSTRAINT `fknfvendasclientes` FOREIGN KEY (`fkcliente`) REFERENCES `clientes` (`pkcliente`),
  CONSTRAINT `fknfvendasfuncionarios` FOREIGN KEY (`fkfuncionario`) REFERENCES `funcionarios` (`pkfuncionario`)
) ENGINE=InnoDB DEFAULT CHARSET=utf8 COLLATE=utf8_bin COMMENT='nfvendas';

-- Copiando dados para a tabela lbtar2.nfvendas: ~0 rows (aproximadamente)
/*!40000 ALTER TABLE `nfvendas` DISABLE KEYS */;
/*!40000 ALTER TABLE `nfvendas` ENABLE KEYS */;

-- Copiando estrutura para tabela lbtar2.nfvendasitens
CREATE TABLE IF NOT EXISTS `nfvendasitens` (
  `fknunfvenda` smallint(6) unsigned NOT NULL,
  `fkproduto` smallint(6) unsigned NOT NULL,
  `qtvendida` smallint(6) unsigned NOT NULL,
  `vlunitario` decimal(10,2) unsigned NOT NULL,
  `vldesconto` decimal(10,2) unsigned NOT NULL,
  PRIMARY KEY (`fknunfvenda`,`fkproduto`),
  KEY `ifkproduto` (`fkproduto`),
  KEY `ifknfvenda` (`fknunfvenda`),
  CONSTRAINT `fknfvendasitensnfvendas` FOREIGN KEY (`fknunfvenda`) REFERENCES `nfvendas` (`pknunfvenda`),
  CONSTRAINT `fknfvendasprodutos` FOREIGN KEY (`fkproduto`) REFERENCES `produtos` (`pkproduto`)
) ENGINE=InnoDB DEFAULT CHARSET=utf8 COLLATE=utf8_bin;

-- Copiando dados para a tabela lbtar2.nfvendasitens: ~0 rows (aproximadamente)
/*!40000 ALTER TABLE `nfvendasitens` DISABLE KEYS */;
/*!40000 ALTER TABLE `nfvendasitens` ENABLE KEYS */;

-- Copiando estrutura para tabela lbtar2.niveisdeeducacao
CREATE TABLE IF NOT EXISTS `niveisdeeducacao` (
  `pkniveleducacao` smallint(6) unsigned NOT NULL,
  `txnomecomum` varchar(80) COLLATE utf8_bin NOT NULL,
  `qtanosdeestudo` smallint(6) unsigned NOT NULL,
  `dtcadniveleducacao` date NOT NULL,
  PRIMARY KEY (`pkniveleducacao`)
) ENGINE=InnoDB DEFAULT CHARSET=utf8 COLLATE=utf8_bin COMMENT='niveduca';

-- Copiando dados para a tabela lbtar2.niveisdeeducacao: ~9 rows (aproximadamente)
/*!40000 ALTER TABLE `niveisdeeducacao` DISABLE KEYS */;
INSERT INTO `niveisdeeducacao` (`pkniveleducacao`, `txnomecomum`, `qtanosdeestudo`, `dtcadniveleducacao`) VALUES
	(1, 'Maternal', 1, '2018-02-01'),
	(2, 'Pré-Escola', 1, '2018-02-01'),
	(3, 'Ensino Fundamental I', 4, '2018-02-01'),
	(4, 'Ensino Fundamental I', 5, '2018-02-01'),
	(5, 'Ensino Médio', 3, '2018-02-01'),
	(6, 'Superior', 5, '2018-02-01'),
	(7, 'Especialização', 2, '2018-02-01'),
	(8, 'Mestrado', 3, '2018-02-01'),
	(9, 'Doutorado', 5, '2018-02-01');
/*!40000 ALTER TABLE `niveisdeeducacao` ENABLE KEYS */;

-- Copiando estrutura para tabela lbtar2.ocorrencias
CREATE TABLE IF NOT EXISTS `ocorrencias` (
  `pkocorrencia` smallint(6) unsigned NOT NULL,
  `fksinistro` smallint(6) unsigned NOT NULL,
  `fkcarro` int(11) unsigned NOT NULL,
  `fknumeroapolice` int(11) unsigned NOT NULL,
  `fklogradouroprincipal` smallint(6) unsigned NOT NULL,
  `fklogradourosecundario` smallint(6) unsigned DEFAULT NULL,
  `txdescricaodaoocorrencia` varchar(250) COLLATE utf8_bin NOT NULL,
  `dtcadocorrencia` date NOT NULL,
  PRIMARY KEY (`pkocorrencia`),
  KEY `ifksinistro` (`fksinistro`),
  KEY `ifkcarro` (`fkcarro`),
  KEY `ifknumeroapolice` (`fknumeroapolice`),
  KEY `ifklogradouroprincipal` (`fklogradouroprincipal`),
  KEY `ifklogradourosecundario` (`fklogradourosecundario`),
  CONSTRAINT `fkocorrenciaslogradourosp` FOREIGN KEY (`fklogradouroprincipal`) REFERENCES `logradouros` (`pklogradouro`),
  CONSTRAINT `fkocorrenciaslogradouross` FOREIGN KEY (`fklogradourosecundario`) REFERENCES `logradouros` (`pklogradouro`),
  CONSTRAINT `fkocorrenciasseguros` FOREIGN KEY (`fknumeroapolice`) REFERENCES `seguros` (`pknumeroapolice`),
  CONSTRAINT `fkocorrenciassinistros` FOREIGN KEY (`fksinistro`) REFERENCES `sinistros` (`pksinistro`)
) ENGINE=InnoDB DEFAULT CHARSET=utf8 COLLATE=utf8_bin;

-- Copiando dados para a tabela lbtar2.ocorrencias: ~0 rows (aproximadamente)
/*!40000 ALTER TABLE `ocorrencias` DISABLE KEYS */;
/*!40000 ALTER TABLE `ocorrencias` ENABLE KEYS */;

-- Copiando estrutura para tabela lbtar2.oficinas
CREATE TABLE IF NOT EXISTS `oficinas` (
  `pkoficina` smallint(6) unsigned NOT NULL,
  `txnomeoficina` varchar(250) COLLATE utf8_bin NOT NULL,
  `txapelido` varchar(60) COLLATE utf8_bin NOT NULL,
  `fklogradouro` smallint(6) unsigned DEFAULT NULL,
  `txcomplemento` varchar(80) COLLATE utf8_bin DEFAULT NULL,
  `nucep` char(8) COLLATE utf8_bin DEFAULT NULL,
  `dtcadoficina` date NOT NULL,
  PRIMARY KEY (`pkoficina`),
  KEY `ifklogradouro` (`fklogradouro`),
  CONSTRAINT `fkoficinaslogradouros` FOREIGN KEY (`fklogradouro`) REFERENCES `logradouros` (`pklogradouro`)
) ENGINE=InnoDB DEFAULT CHARSET=utf8 COLLATE=utf8_bin;

-- Copiando dados para a tabela lbtar2.oficinas: ~5 rows (aproximadamente)
/*!40000 ALTER TABLE `oficinas` DISABLE KEYS */;
INSERT INTO `oficinas` (`pkoficina`, `txnomeoficina`, `txapelido`, `fklogradouro`, `txcomplemento`, `nucep`, `dtcadoficina`) VALUES
	(5, 'Oficina Mecânica de Reparos Gerais Luiz Porto S/C Ltda.', 'Luizinho', 520, '100', '12345678', '2010-10-10'),
	(10, 'Oficina de Reparos Gerais "Marreco" S/C Ltda.', 'Marreco', 240, '120', '12316789', '2015-10-10'),
	(15, 'Auto-oficina Mecânica Luiz Paraná S/C Ltda.', 'Luizinho', 520, '145', '01521567', '2010-10-10'),
	(20, 'Oficina de Caminhões e Ônibus "Jamanta" S/C Ltda.', 'Jamanta', 240, '147', '12313678', '2015-10-10'),
	(25, 'Oficinas de Motos Mourisco S/C Ltda.', 'Mourisco', 520, '452', '01456756', '2010-10-10');
/*!40000 ALTER TABLE `oficinas` ENABLE KEYS */;

-- Copiando estrutura para view lbtar2.onibus
-- Criando tabela temporária para evitar erros de dependência de VIEW
CREATE TABLE `onibus` (
	`pkonibus` INT(6) UNSIGNED NOT NULL,
	`ukplaca` CHAR(7) NOT NULL COLLATE 'utf8_bin',
	`txapelido` VARCHAR(60) NULL COLLATE 'utf8_bin',
	`fkcor` SMALLINT(6) UNSIGNED NULL,
	`fkmodelo` SMALLINT(6) UNSIGNED NULL,
	`qtcapacidade` SMALLINT(6) UNSIGNED NULL,
	`nuanofabricacao` YEAR NOT NULL,
	`dtcadonibus` DATE NOT NULL
) ENGINE=MyISAM;

-- Copiando estrutura para tabela lbtar2.ordcompras
CREATE TABLE IF NOT EXISTS `ordcompras` (
  `pknuordemcompra` smallint(6) unsigned NOT NULL,
  `fkfornecedor` smallint(6) unsigned NOT NULL,
  `dtordemcompra` date NOT NULL,
  `fkfuncionario` smallint(6) unsigned NOT NULL,
  `vltotalordemcompra` decimal(15,2) unsigned NOT NULL,
  `aosituacao` char(1) COLLATE utf8_bin NOT NULL,
  `txcomentarios` varchar(1000) COLLATE utf8_bin NOT NULL,
  `dtcadordcompra` date NOT NULL,
  PRIMARY KEY (`pknuordemcompra`),
  KEY `ifkfornecedor` (`fkfornecedor`),
  KEY `ifkfuncionario` (`fkfuncionario`),
  CONSTRAINT `fkordcomprasfornecedores` FOREIGN KEY (`fkfornecedor`) REFERENCES `fornecedores` (`pkfornecedor`),
  CONSTRAINT `fkordcomprasfuncionarios` FOREIGN KEY (`fkfuncionario`) REFERENCES `funcionarios` (`pkfuncionario`)
) ENGINE=InnoDB DEFAULT CHARSET=utf8 COLLATE=utf8_bin COMMENT='ordcompr';

-- Copiando dados para a tabela lbtar2.ordcompras: ~0 rows (aproximadamente)
/*!40000 ALTER TABLE `ordcompras` DISABLE KEYS */;
/*!40000 ALTER TABLE `ordcompras` ENABLE KEYS */;

-- Copiando estrutura para tabela lbtar2.ordcomprasitens
CREATE TABLE IF NOT EXISTS `ordcomprasitens` (
  `fknuordemcompra` smallint(6) unsigned NOT NULL,
  `fkproduto` smallint(6) unsigned NOT NULL,
  `qtcomprada` smallint(6) unsigned NOT NULL,
  `vlunitario` decimal(10,2) unsigned NOT NULL,
  PRIMARY KEY (`fknuordemcompra`,`fkproduto`),
  KEY `ifkproduto` (`fkproduto`),
  KEY `ifkordemcompra` (`fknuordemcompra`),
  CONSTRAINT `fkordcomprasitensordcompras` FOREIGN KEY (`fknuordemcompra`) REFERENCES `ordcompras` (`pknuordemcompra`),
  CONSTRAINT `fkordcomprasitensprodutos` FOREIGN KEY (`fkproduto`) REFERENCES `produtos` (`pkproduto`)
) ENGINE=InnoDB DEFAULT CHARSET=utf8 COLLATE=utf8_bin;

-- Copiando dados para a tabela lbtar2.ordcomprasitens: ~0 rows (aproximadamente)
/*!40000 ALTER TABLE `ordcomprasitens` DISABLE KEYS */;
/*!40000 ALTER TABLE `ordcomprasitens` ENABLE KEYS */;

-- Copiando estrutura para tabela lbtar2.palavraschaves
CREATE TABLE IF NOT EXISTS `palavraschaves` (
  `pkpalavra` smallint(6) unsigned NOT NULL,
  `txnomepalavra` varchar(45) COLLATE utf8_bin NOT NULL,
  `dtcadpalchave` date NOT NULL,
  PRIMARY KEY (`pkpalavra`)
) ENGINE=InnoDB DEFAULT CHARSET=utf8 COLLATE=utf8_bin COMMENT='palchave';

-- Copiando dados para a tabela lbtar2.palavraschaves: ~10 rows (aproximadamente)
/*!40000 ALTER TABLE `palavraschaves` DISABLE KEYS */;
INSERT INTO `palavraschaves` (`pkpalavra`, `txnomepalavra`, `dtcadpalchave`) VALUES
	(1, 'Justiça', '2018-02-01'),
	(2, 'Fraternidade', '2018-02-01'),
	(3, 'Amor', '2018-02-01'),
	(4, 'Poder', '2018-02-01'),
	(5, 'Lei', '2018-02-01'),
	(6, 'Segurança', '2018-02-01'),
	(7, 'Paz', '2018-02-01'),
	(8, 'Harmonia', '2018-02-01'),
	(9, 'Trabalho', '2018-02-01'),
	(10, 'Drama', '2018-02-01');
/*!40000 ALTER TABLE `palavraschaves` ENABLE KEYS */;

-- Copiando estrutura para tabela lbtar2.palavraslivros
CREATE TABLE IF NOT EXISTS `palavraslivros` (
  `fkpalavra` smallint(6) unsigned NOT NULL,
  `fklivro` smallint(6) unsigned NOT NULL,
  `dtcadpallivro` date NOT NULL,
  PRIMARY KEY (`fkpalavra`,`fklivro`),
  KEY `ifklivro` (`fklivro`),
  KEY `ifkpalavra` (`fkpalavra`),
  CONSTRAINT `fkpalavraslivroslivros` FOREIGN KEY (`fklivro`) REFERENCES `livros` (`pklivro`),
  CONSTRAINT `fkpalavraslivrospalavraschaves` FOREIGN KEY (`fkpalavra`) REFERENCES `palavraschaves` (`pkpalavra`)
) ENGINE=InnoDB DEFAULT CHARSET=utf8 COLLATE=utf8_bin COMMENT='pallivro';

-- Copiando dados para a tabela lbtar2.palavraslivros: ~2 rows (aproximadamente)
/*!40000 ALTER TABLE `palavraslivros` DISABLE KEYS */;
INSERT INTO `palavraslivros` (`fkpalavra`, `fklivro`, `dtcadpallivro`) VALUES
	(3, 1, '2011-06-11'),
	(3, 2, '2018-06-11');
/*!40000 ALTER TABLE `palavraslivros` ENABLE KEYS */;

-- Copiando estrutura para tabela lbtar2.passagens
CREATE TABLE IF NOT EXISTS `passagens` (
  `pkpassagem` smallint(6) unsigned NOT NULL,
  `fkviagem` smallint(6) unsigned NOT NULL,
  `fkfuncionario` smallint(6) unsigned NOT NULL,
  `fkonibus` smallint(6) unsigned NOT NULL,
  `nupoltrona` tinyint(4) unsigned NOT NULL,
  `dtpassagem` date NOT NULL,
  `dtcadpassagem` date NOT NULL,
  PRIMARY KEY (`pkpassagem`),
  KEY `ifkviagem` (`fkviagem`),
  KEY `ifkfuncionario` (`fkfuncionario`),
  KEY `ifkonibus` (`fkonibus`),
  CONSTRAINT `fkpassagensfuncionarios` FOREIGN KEY (`fkfuncionario`) REFERENCES `funcionarios` (`pkfuncionario`),
  CONSTRAINT `fkpassagensonibus` FOREIGN KEY (`fkonibus`) REFERENCES `onibus` (`pkonibus`),
  CONSTRAINT `fkpassagensviagens` FOREIGN KEY (`fkviagem`) REFERENCES `viagens` (`pkviagem`)
) ENGINE=InnoDB DEFAULT CHARSET=utf8 COLLATE=utf8_bin COMMENT='passagen';

-- Copiando dados para a tabela lbtar2.passagens: ~0 rows (aproximadamente)
/*!40000 ALTER TABLE `passagens` DISABLE KEYS */;
/*!40000 ALTER TABLE `passagens` ENABLE KEYS */;

-- Copiando estrutura para tabela lbtar2.planosdesaude
CREATE TABLE IF NOT EXISTS `planosdesaude` (
  `pkplanodesaude` smallint(6) unsigned NOT NULL,
  `txnomeplano` varchar(200) COLLATE utf8_bin NOT NULL,
  `txrazaosocial` varchar(250) COLLATE utf8_bin NOT NULL,
  `fklogradouro` smallint(6) unsigned DEFAULT NULL,
  `txcomplemento` varchar(80) COLLATE utf8_bin DEFAULT NULL,
  `nucep` char(8) COLLATE utf8_bin DEFAULT NULL,
  `dtcadplanosaude` date NOT NULL,
  PRIMARY KEY (`pkplanodesaude`),
  KEY `ifklogradouro` (`fklogradouro`),
  CONSTRAINT `fkplanosdesaudelogradouros` FOREIGN KEY (`fklogradouro`) REFERENCES `logradouros` (`pklogradouro`)
) ENGINE=InnoDB DEFAULT CHARSET=utf8 COLLATE=utf8_bin;

-- Copiando dados para a tabela lbtar2.planosdesaude: ~4 rows (aproximadamente)
/*!40000 ALTER TABLE `planosdesaude` DISABLE KEYS */;
INSERT INTO `planosdesaude` (`pkplanodesaude`, `txnomeplano`, `txrazaosocial`, `fklogradouro`, `txcomplemento`, `nucep`, `dtcadplanosaude`) VALUES
	(1, 'Unimed Ourinhos', 'Cooperativa médica de Ourinhos S.A.', 350, ' 1243', '2354235', '2010-10-27'),
	(2, 'SulAmericana Paulistana', 'Cooperativa Sulamerica Paulista S.A.', 470, ' 1492', '14524515', '2010-10-27'),
	(4, 'MedialSaude', 'Associação Médica Medialsaúde S/C Ltda.', 470, ' 1492', '14521452', '2010-10-27'),
	(5, 'Goldencross', 'Associação Médica Goldencross S.A.', 470, ' 234', '12313123', '2010-10-10');
/*!40000 ALTER TABLE `planosdesaude` ENABLE KEYS */;

-- Copiando estrutura para tabela lbtar2.planostels
CREATE TABLE IF NOT EXISTS `planostels` (
  `pkplanostel` smallint(6) unsigned NOT NULL,
  `fkplanodesaude` smallint(6) unsigned NOT NULL,
  `fktipotelefone` smallint(6) unsigned NOT NULL,
  `nutelefone` char(15) COLLATE utf8_bin NOT NULL,
  `dtcadplanostel` date NOT NULL,
  PRIMARY KEY (`pkplanostel`),
  KEY `ifkplanodesaude` (`fkplanodesaude`),
  KEY `ifktipotelefone` (`fktipotelefone`),
  CONSTRAINT `fkplanostelsplanosdesaude` FOREIGN KEY (`fkplanodesaude`) REFERENCES `planosdesaude` (`pkplanodesaude`),
  CONSTRAINT `fkplanostelstipotelefone` FOREIGN KEY (`fktipotelefone`) REFERENCES `telefonestipos` (`pktipotelefone`)
) ENGINE=InnoDB DEFAULT CHARSET=utf8 COLLATE=utf8_bin COMMENT='planotls';

-- Copiando dados para a tabela lbtar2.planostels: ~0 rows (aproximadamente)
/*!40000 ALTER TABLE `planostels` DISABLE KEYS */;
/*!40000 ALTER TABLE `planostels` ENABLE KEYS */;

-- Copiando estrutura para tabela lbtar2.produtos
CREATE TABLE IF NOT EXISTS `produtos` (
  `pkproduto` smallint(6) unsigned NOT NULL,
  `txnome` varchar(250) COLLATE utf8_bin NOT NULL,
  `txdescricaocompleta` varchar(2000) COLLATE utf8_bin NOT NULL,
  `vlunitbase` decimal(12,2) unsigned NOT NULL,
  `vlunitminimo` decimal(13,2) unsigned NOT NULL,
  `qtestoque` decimal(15,2) unsigned NOT NULL,
  `vlunitpromocao` decimal(12,2) unsigned NOT NULL,
  `nudiaspromocao` smallint(6) unsigned NOT NULL,
  `dtcadproduto` date NOT NULL,
  PRIMARY KEY (`pkproduto`)
) ENGINE=InnoDB DEFAULT CHARSET=utf8 COLLATE=utf8_bin COMMENT='produtos';

-- Copiando dados para a tabela lbtar2.produtos: ~4 rows (aproximadamente)
/*!40000 ALTER TABLE `produtos` DISABLE KEYS */;
INSERT INTO `produtos` (`pkproduto`, `txnome`, `txdescricaocompleta`, `vlunitbase`, `vlunitminimo`, `qtestoque`, `vlunitpromocao`, `nudiaspromocao`, `dtcadproduto`) VALUES
	(1, 'Caneta bic cristal azul', 'Caneta esferográfica com tampa, corpo de cristal, cor azul BIC', 0.85, 0.65, 190.00, 0.75, 5, '2018-02-01'),
	(2, 'Caneta bic cristal preta', 'Caneta esferográfica com tampa, corpo de cristal, cor preta BIC', 0.85, 0.65, 200.00, 0.75, 5, '2018-02-01'),
	(3, 'Caneta bic click azul', 'Caneta esferográfica com ponta retrátil tipo click, corpo de plático preto, cor azul BIC', 2.85, 2.65, 90.00, 2.75, 5, '2018-02-01'),
	(4, 'Caneta bic rosca azul', 'Caneta esferográfica com ponta retrátil tipo rosca, corpo de plático preto, cor azul BIC', 2.90, 2.70, 90.00, 2.80, 5, '2018-02-01');
/*!40000 ALTER TABLE `produtos` ENABLE KEYS */;

-- Copiando estrutura para tabela lbtar2.professores
CREATE TABLE IF NOT EXISTS `professores` (
  `pkprofessor` smallint(6) unsigned NOT NULL,
  `txnomeprofessor` varchar(250) COLLATE utf8_bin NOT NULL,
  `fklogradouro` smallint(6) unsigned DEFAULT NULL,
  `txcomplemento` varchar(25) COLLATE utf8_bin DEFAULT NULL,
  `nucep` char(8) COLLATE utf8_bin DEFAULT NULL,
  `dtnascimento` date NOT NULL,
  `dtcadprofessor` date NOT NULL,
  PRIMARY KEY (`pkprofessor`),
  KEY `ifklogradouro` (`fklogradouro`),
  CONSTRAINT `fkprofessoreslogradouros` FOREIGN KEY (`fklogradouro`) REFERENCES `logradouros` (`pklogradouro`)
) ENGINE=InnoDB DEFAULT CHARSET=utf8 COLLATE=utf8_bin COMMENT='professo';

-- Copiando dados para a tabela lbtar2.professores: ~30 rows (aproximadamente)
/*!40000 ALTER TABLE `professores` DISABLE KEYS */;
INSERT INTO `professores` (`pkprofessor`, `txnomeprofessor`, `fklogradouro`, `txcomplemento`, `nucep`, `dtnascimento`, `dtcadprofessor`) VALUES
	(1, 'Ana Maria Verdim', 470, ' 3456', '3436567', '1960-12-19', '2005-05-11'),
	(2, 'Abel Da Silva', 110, ' 234', '1233536', '1964-07-11', '2001-08-21'),
	(3, 'Abrao Abujanra', 240, ' 451', '1342545', '1975-06-12', '2005-03-12'),
	(4, 'Carlos Takeshi Uendo', 340, ' 475', '1865456', '1984-07-19', '2006-05-13'),
	(5, 'David_ Gutemberg', 260, ' 4521', '5680567', '1966-06-16', '2005-05-12'),
	(6, 'Francisco Romeu Da Cruz', 140, ' 75 23and, Cj 23', '5670479', '1974-12-05', '2002-05-13'),
	(7, 'Geraldo Bandeiras Pontes', 170, ' 234', '4656589', '1987-09-06', '2002-10-21'),
	(8, 'Heitor De Troia', 120, ' 7458', '5656745', '1964-10-08', '2003-02-21'),
	(9, 'Hercules Olimpiano', 130, ' 345', '7643587', '1976-07-29', '2002-01-21'),
	(10, 'Irineu Evangelista De Souza', 270, ' 456', '4669908', '1984-11-28', '2005-05-14'),
	(11, 'Joao Heulalio De Bueno Vidigal', 360, ' 2569', '4794477', '1967-08-24', '2005-05-27'),
	(12, 'Jaime De Abreu Pompeu De Lima', 150, ' 75', '6298666', '1975-12-19', '2002-05-16'),
	(13, 'Jose Ramos De Almeida', 160, ' 54', '7489455', '1988-07-29', '2002-05-28'),
	(14, 'Leonidas De Percepolis', 80, ' 345', '8405674', '1964-10-11', '2001-05-16'),
	(15, 'Leopoldo De Couto E Silva', 250, ' 3879', '8486453', '1976-10-10', '2005-03-25'),
	(16, 'Maria Maura Correia Alves Lima', 310, ' 25', '8504467', '1984-12-21', '2005-09-18'),
	(17, 'Marcia De Albuquerque Lima', NULL, ' 25415', '8674645', '1966-09-21', '2000-05-25'),
	(18, 'Mario Quintana Drumond De Andrade', 50, ' 345', '7605555', '1974-06-30', '2000-06-14'),
	(19, 'Nair De Mello Cunha', 180, ' 4521', '6407626', '1987-05-30', '2003-04-23'),
	(20, 'Neire Goncalves De Albuquerque Lins', 230, ' 345', '5567715', '1965-11-29', '2005-02-16'),
	(21, 'Olivia Cruz Do Nascimento', 300, ' 657', '5456600', '1977-11-13', '2005-05-28'),
	(22, 'Oduvaldo Vianna', 460, ' 456', '5235683', '1966-09-24', '2004-05-15'),
	(23, 'Pascoal De Lima Rosa Cruz', 190, ' 190', '5329444', '1987-10-25', '2003-05-27'),
	(24, 'Renato Corte Real', 210, ' 3456', '5444753', '1965-05-06', '2004-02-14'),
	(25, 'Sebastiao Mello Da Silva Cruz', 280, ' 867', '6534756', '1987-12-07', '2005-05-20'),
	(26, 'Tadeu Buarque De Holanda', 320, ' 2145', '5644642', '1965-07-19', '2005-12-13'),
	(27, 'Ulisses Odebrecht', 40, ' 2767', '5744548', '1987-11-17', '2000-05-29'),
	(28, 'Vinicius Humbrto Pinheiro Da Silva', 220, ' 4512', '5844426', '1965-11-05', '2005-01-10'),
	(29, 'Vera Adriana Huang Azevedo', 200, ' 745', '15122222', '1970-02-10', '2010-10-10'),
	(35, 'Euripedes Soares De Almeida', 170, '450', '12345678', '1957-05-10', '1975-10-10');
/*!40000 ALTER TABLE `professores` ENABLE KEYS */;

-- Copiando estrutura para tabela lbtar2.professorestels
CREATE TABLE IF NOT EXISTS `professorestels` (
  `pkprofessortel` smallint(6) unsigned NOT NULL,
  `fkprofessor` smallint(6) unsigned NOT NULL,
  `fktipotelefone` smallint(6) unsigned DEFAULT NULL,
  `nutelefone` char(15) COLLATE utf8_bin NOT NULL,
  `dtcadpprofessortel` date NOT NULL,
  PRIMARY KEY (`pkprofessortel`),
  KEY `ifkprofessor` (`fkprofessor`),
  KEY `ifktipotelefone` (`fktipotelefone`),
  CONSTRAINT `fkprofessorestelsprofessores` FOREIGN KEY (`fkprofessor`) REFERENCES `professores` (`pkprofessor`),
  CONSTRAINT `fkprofessorestelstelefonestipos` FOREIGN KEY (`fktipotelefone`) REFERENCES `telefonestipos` (`pktipotelefone`)
) ENGINE=InnoDB DEFAULT CHARSET=utf8 COLLATE=utf8_bin COMMENT='profetls';

-- Copiando dados para a tabela lbtar2.professorestels: ~0 rows (aproximadamente)
/*!40000 ALTER TABLE `professorestels` DISABLE KEYS */;
/*!40000 ALTER TABLE `professorestels` ENABLE KEYS */;

-- Copiando estrutura para tabela lbtar2.projetos
CREATE TABLE IF NOT EXISTS `projetos` (
  `pkprojeto` smallint(6) unsigned NOT NULL,
  `txsiglaprojeto` varchar(20) COLLATE utf8_bin NOT NULL,
  `txnomeprojeto` varchar(250) COLLATE utf8_bin NOT NULL DEFAULT '',
  `fkprojetosuperior` smallint(6) unsigned DEFAULT NULL,
  `fkdepto` char(3) COLLATE utf8_bin NOT NULL,
  `fkfuncionarioresponsavel` smallint(6) unsigned NOT NULL,
  `vlestimado` decimal(5,2) unsigned DEFAULT NULL,
  `dtinicio` date NOT NULL,
  `dttermino` date NOT NULL,
  `dtcadprojeto` date NOT NULL,
  PRIMARY KEY (`pkprojeto`),
  KEY `ifkdepto` (`fkdepto`),
  KEY `ifkfuncionarioresponsavel` (`fkfuncionarioresponsavel`),
  KEY `ifkprojetosuperior` (`fkprojetosuperior`),
  CONSTRAINT `fkprojetosdepartamentos` FOREIGN KEY (`fkdepto`) REFERENCES `departamentos` (`pkdepto`),
  CONSTRAINT `fkprojetosfuncionarios` FOREIGN KEY (`fkfuncionarioresponsavel`) REFERENCES `funcionarios` (`pkfuncionario`),
  CONSTRAINT `fkprojetosprojetos` FOREIGN KEY (`fkprojetosuperior`) REFERENCES `projetos` (`pkprojeto`)
) ENGINE=InnoDB DEFAULT CHARSET=utf8 COLLATE=utf8_bin COMMENT='projetos';

-- Copiando dados para a tabela lbtar2.projetos: ~4 rows (aproximadamente)
/*!40000 ALTER TABLE `projetos` DISABLE KEYS */;
INSERT INTO `projetos` (`pkprojeto`, `txsiglaprojeto`, `txnomeprojeto`, `fkprojetosuperior`, `fkdepto`, `fkfuncionarioresponsavel`, `vlestimado`, `dtinicio`, `dttermino`, `dtcadprojeto`) VALUES
	(1, 'SICOP', 'Sistema de Coordenação do Projeto', NULL, 'A01', 1, 999.99, '2017-10-25', '2018-12-10', '2017-10-20'),
	(2, 'SIGERAL', 'Sistema de Gerenciamento Genérico', NULL, 'A01', 1, 999.99, '2017-10-25', '2018-12-10', '2017-10-20'),
	(3, 'SISTGR1', 'Sistema de Geral 1', NULL, 'A01', 1, 999.99, '2017-10-25', '2018-12-10', '2017-10-20'),
	(4, 'SISTGR2', 'Sistema de Geral 2', NULL, 'A01', 1, 999.99, '2017-10-25', '2018-12-10', '2017-10-20');
/*!40000 ALTER TABLE `projetos` ENABLE KEYS */;

-- Copiando estrutura para tabela lbtar2.rotasviarias
CREATE TABLE IF NOT EXISTS `rotasviarias` (
  `pkrota` mediumint(9) unsigned NOT NULL,
  `txnomerota` varchar(60) COLLATE utf8_bin NOT NULL,
  `txdescrperiodo` varchar(250) COLLATE utf8_bin NOT NULL,
  `fkcidadeorigem` smallint(6) unsigned NOT NULL,
  `fkcidadedestino` smallint(6) unsigned NOT NULL,
  `dtcadrotaviaria` date NOT NULL,
  PRIMARY KEY (`pkrota`),
  KEY `ifkcidadedestino` (`fkcidadedestino`),
  KEY `ifkcidadeorigem` (`fkcidadeorigem`),
  CONSTRAINT `fkrotasviariascidaded` FOREIGN KEY (`fkcidadedestino`) REFERENCES `cidades` (`pkcidade`),
  CONSTRAINT `fkrotasviariascidadeo` FOREIGN KEY (`fkcidadeorigem`) REFERENCES `cidades` (`pkcidade`)
) ENGINE=InnoDB DEFAULT CHARSET=utf8 COLLATE=utf8_bin COMMENT='rotasvia';

-- Copiando dados para a tabela lbtar2.rotasviarias: ~0 rows (aproximadamente)
/*!40000 ALTER TABLE `rotasviarias` DISABLE KEYS */;
/*!40000 ALTER TABLE `rotasviarias` ENABLE KEYS */;

-- Copiando estrutura para tabela lbtar2.roteiros
CREATE TABLE IF NOT EXISTS `roteiros` (
  `fkrota` smallint(6) unsigned NOT NULL,
  `fkcidade` smallint(6) unsigned NOT NULL,
  `nuordem` varchar(60) COLLATE utf8_bin NOT NULL,
  `dtcadroteiro` date NOT NULL,
  PRIMARY KEY (`fkrota`,`fkcidade`)
) ENGINE=InnoDB DEFAULT CHARSET=utf8 COLLATE=utf8_bin;

-- Copiando dados para a tabela lbtar2.roteiros: ~0 rows (aproximadamente)
/*!40000 ALTER TABLE `roteiros` DISABLE KEYS */;
/*!40000 ALTER TABLE `roteiros` ENABLE KEYS */;

-- Copiando estrutura para tabela lbtar2.seguradoras
CREATE TABLE IF NOT EXISTS `seguradoras` (
  `pkseguradora` smallint(6) unsigned NOT NULL,
  `txnomeseguradora` varchar(250) COLLATE utf8_bin NOT NULL,
  `fklogradouro` smallint(6) unsigned NOT NULL,
  `txcomplemento` varchar(80) COLLATE utf8_bin NOT NULL,
  `nucep` char(8) COLLATE utf8_bin NOT NULL,
  `dtcadseguradora` date NOT NULL,
  PRIMARY KEY (`pkseguradora`),
  KEY `ifklogradouros` (`fklogradouro`),
  CONSTRAINT `fkseguradoraslogradouros` FOREIGN KEY (`fklogradouro`) REFERENCES `logradouros` (`pklogradouro`)
) ENGINE=InnoDB DEFAULT CHARSET=utf8 COLLATE=utf8_bin COMMENT='segurado';

-- Copiando dados para a tabela lbtar2.seguradoras: ~4 rows (aproximadamente)
/*!40000 ALTER TABLE `seguradoras` DISABLE KEYS */;
INSERT INTO `seguradoras` (`pkseguradora`, `txnomeseguradora`, `fklogradouro`, `txcomplemento`, `nucep`, `dtcadseguradora`) VALUES
	(1, 'Transamerica', 200, ' 745', '', '2004-02-10'),
	(3, 'Mapfre', 400, ' 2345', '', '2010-02-12'),
	(5, 'Porto Seguro', 510, ' 450', '123132', '2010-10-10'),
	(6, 'Altavista Seguros', 160, '224', '12345678', '2010-10-10');
/*!40000 ALTER TABLE `seguradoras` ENABLE KEYS */;

-- Copiando estrutura para tabela lbtar2.seguradorastels
CREATE TABLE IF NOT EXISTS `seguradorastels` (
  `pkseguradoratel` smallint(6) unsigned NOT NULL,
  `fkseguradora` smallint(6) unsigned NOT NULL,
  `fktipotelefone` smallint(6) unsigned DEFAULT NULL,
  `nutelefone` char(15) COLLATE utf8_bin NOT NULL,
  `dtcadseguradoratel` date NOT NULL,
  PRIMARY KEY (`pkseguradoratel`),
  KEY `ifkseguradora` (`fkseguradora`),
  KEY `ifktipotelefone` (`fktipotelefone`),
  CONSTRAINT `fkseguradorastelsseguradoras` FOREIGN KEY (`fkseguradora`) REFERENCES `seguradoras` (`pkseguradora`),
  CONSTRAINT `fkseguradorastelstelefonestipos` FOREIGN KEY (`fktipotelefone`) REFERENCES `telefonestipos` (`pktipotelefone`)
) ENGINE=InnoDB DEFAULT CHARSET=utf8 COLLATE=utf8_bin COMMENT='segurtls';

-- Copiando dados para a tabela lbtar2.seguradorastels: ~0 rows (aproximadamente)
/*!40000 ALTER TABLE `seguradorastels` DISABLE KEYS */;
/*!40000 ALTER TABLE `seguradorastels` ENABLE KEYS */;

-- Copiando estrutura para tabela lbtar2.seguros
CREATE TABLE IF NOT EXISTS `seguros` (
  `pknumeroapolice` int(6) unsigned NOT NULL,
  `fkcarro` int(6) unsigned NOT NULL,
  `fkseguradora` smallint(6) unsigned NOT NULL,
  `dtcontratacao` date NOT NULL,
  `dtlimitecobertura` date NOT NULL,
  `vlcobertura` decimal(15,2) unsigned NOT NULL,
  `dtcadseguro` date NOT NULL,
  PRIMARY KEY (`pknumeroapolice`),
  KEY `ifkseguradora` (`fkseguradora`),
  KEY `ifkcarro` (`fkcarro`),
  CONSTRAINT `fksegurosseguradoras` FOREIGN KEY (`fkseguradora`) REFERENCES `seguradoras` (`pkseguradora`),
  CONSTRAINT `fksegurosveiculos` FOREIGN KEY (`fkcarro`) REFERENCES `veiculos` (`pkveiculo`)
) ENGINE=InnoDB DEFAULT CHARSET=utf8 COLLATE=utf8_bin COMMENT='segurosx';

-- Copiando dados para a tabela lbtar2.seguros: ~2 rows (aproximadamente)
/*!40000 ALTER TABLE `seguros` DISABLE KEYS */;
INSERT INTO `seguros` (`pknumeroapolice`, `fkcarro`, `fkseguradora`, `dtcontratacao`, `dtlimitecobertura`, `vlcobertura`, `dtcadseguro`) VALUES
	(222, 222, 6, '2018-06-14', '2018-06-14', 222.00, '2018-06-14'),
	(2121, 122, 3, '2018-06-14', '2018-06-14', 222.00, '2018-06-14');
/*!40000 ALTER TABLE `seguros` ENABLE KEYS */;

-- Copiando estrutura para tabela lbtar2.servicos
CREATE TABLE IF NOT EXISTS `servicos` (
  `pkservico` smallint(6) unsigned NOT NULL,
  `txnomeservico` varchar(90) COLLATE utf8_bin NOT NULL,
  `txdescricao` varchar(250) COLLATE utf8_bin NOT NULL,
  `dtcadservico` date NOT NULL,
  PRIMARY KEY (`pkservico`)
) ENGINE=InnoDB DEFAULT CHARSET=utf8 COLLATE=utf8_bin;

-- Copiando dados para a tabela lbtar2.servicos: ~4 rows (aproximadamente)
/*!40000 ALTER TABLE `servicos` DISABLE KEYS */;
INSERT INTO `servicos` (`pkservico`, `txnomeservico`, `txdescricao`, `dtcadservico`) VALUES
	(1, 'Troca de amortecedor', 'Avaliação e troca de amortecedores de veículos', '2018-02-01'),
	(2, 'Troca de Pneus', 'Avaliação e troca dos pneus', '2018-02-01'),
	(3, 'Balanceamento de rodas de carros', 'Balanceamento de rodas de carros ou veículos leves', '2018-02-01'),
	(4, 'Troca de funilaria', 'Troca de peças inteiras da funilaria de veículos', '2018-02-01');
/*!40000 ALTER TABLE `servicos` ENABLE KEYS */;

-- Copiando estrutura para tabela lbtar2.setoresdeatuacao
CREATE TABLE IF NOT EXISTS `setoresdeatuacao` (
  `pksetoratuacao` smallint(6) unsigned NOT NULL,
  `txnomecurto` varchar(90) COLLATE utf8_bin NOT NULL,
  `txdescricao` varchar(250) COLLATE utf8_bin NOT NULL,
  `dtcadsetoratuacao` date NOT NULL,
  PRIMARY KEY (`pksetoratuacao`)
) ENGINE=InnoDB DEFAULT CHARSET=utf8 COLLATE=utf8_bin COMMENT='setatuac';

-- Copiando dados para a tabela lbtar2.setoresdeatuacao: ~5 rows (aproximadamente)
/*!40000 ALTER TABLE `setoresdeatuacao` DISABLE KEYS */;
INSERT INTO `setoresdeatuacao` (`pksetoratuacao`, `txnomecurto`, `txdescricao`, `dtcadsetoratuacao`) VALUES
	(1, 'Industria automobilística', 'Produz e distribui veículos automotivos', '2018-02-02'),
	(2, 'Industria de equipamentos agropecuários', 'Produz e distribui tratores e equipamentos de suporte à agroindústria', '2018-02-02'),
	(3, 'Industria de alimentos', 'Produz e distribui itens de bebidas', '2018-02-02'),
	(4, 'Industria de bebidas', 'Produz e distribui itens de bebidas', '2018-02-02'),
	(5, 'Produção de Bens e Serviços', 'Produz e operacionaliza a distribuição de bens e serviços', '2018-02-02');
/*!40000 ALTER TABLE `setoresdeatuacao` ENABLE KEYS */;

-- Copiando estrutura para tabela lbtar2.sinistros
CREATE TABLE IF NOT EXISTS `sinistros` (
  `pksinistro` smallint(6) unsigned NOT NULL,
  `txnomesinistro` varchar(90) COLLATE utf8_bin NOT NULL,
  `txdescricao` varchar(250) COLLATE utf8_bin NOT NULL,
  `dtcadsinistro` date NOT NULL,
  PRIMARY KEY (`pksinistro`)
) ENGINE=InnoDB DEFAULT CHARSET=utf8 COLLATE=utf8_bin COMMENT='sinistro';

-- Copiando dados para a tabela lbtar2.sinistros: ~5 rows (aproximadamente)
/*!40000 ALTER TABLE `sinistros` DISABLE KEYS */;
INSERT INTO `sinistros` (`pksinistro`, `txnomesinistro`, `txdescricao`, `dtcadsinistro`) VALUES
	(1, 'Colisão de veículo com bem público ou de terceiro', 'Veículo colide com bens públicos ou de terceiros', '2018-02-02'),
	(2, 'Colisão de veículos sem dano de terceiro', 'Veículo colide com outro veículo somente causando dano ao outro veículo.', '2018-02-02'),
	(3, 'Colisão de veículos com dano de terceiro', 'Veículo colide com outro veículo causando dano ao outro veículo, bem público ou de terceiro.', '2018-02-02'),
	(4, 'Atropelamento sem vítima fatal', 'Atropelamento sem vítimas fatais', '2018-02-02'),
	(5, 'Atropelamento com vítima fatal', 'Atropelamento com vítimas fatais', '2018-02-02');
/*!40000 ALTER TABLE `sinistros` ENABLE KEYS */;

-- Copiando estrutura para tabela lbtar2.tarefas
CREATE TABLE IF NOT EXISTS `tarefas` (
  `pktarefa` smallint(6) unsigned NOT NULL,
  `txnometarefa` char(15) COLLATE utf8_bin NOT NULL,
  `txdescricaotarefa` varchar(250) COLLATE utf8_bin NOT NULL,
  `qthoraspadrao` smallint(6) unsigned NOT NULL,
  `dtcadtarefa` date NOT NULL,
  PRIMARY KEY (`pktarefa`)
) ENGINE=InnoDB DEFAULT CHARSET=utf8 COLLATE=utf8_bin COMMENT='tarefasx';

-- Copiando dados para a tabela lbtar2.tarefas: ~14 rows (aproximadamente)
/*!40000 ALTER TABLE `tarefas` DISABLE KEYS */;
INSERT INTO `tarefas` (`pktarefa`, `txnometarefa`, `txdescricaotarefa`, `qthoraspadrao`, `dtcadtarefa`) VALUES
	(1, 'Identificação d', 'A partir dos contatos com a organização determinar o objetivo da organização de modo mais detalhado possível, porém sem se detalhar metas para alcançar os objetivos.', 8, '2018-02-01'),
	(2, 'Determinação da', 'Identificado o objetivo responder: Como este objetivo pode ser alcançado e quais são as funções básicas que a organização deve executar para alcançar seus objetivos.', 12, '2018-02-01'),
	(3, 'Identificar os', 'Reunir com nível estratégico da organização e identificar responsáveis práticos na operação das AFs', 10, '2018-02-01'),
	(4, 'Determinar as a', '', 16, '2018-02-01'),
	(5, 'Montar Question', 'Elaborar o Questionário para levantamento de requisitos que é aplicadao em cada AF', 48, '2018-02-01'),
	(6, 'Transcrever res', 'Transcrever os resultados dos questionamentos na base de dados de suporte ao desenvolvimento do sistema.Transcrever os resultados dos questionamentos na base de dados de suporte ao desenvolvimento do sistema.', 40, '2018-02-01'),
	(7, 'Determinar os r', 'Analisar textos transcritos e determinar requisitos funcionais e não funcionais', 24, '2018-02-01'),
	(8, 'Elaborar os mod', 'Elaborar os modelos: Caso de Uso, Classe (BD), Atividades, Sequencia, Componentes.', 40, '2018-02-01'),
	(9, 'Detalhar oa Cas', 'Detalhar os Casos de Uso até o nível de algoritmos de programação, identificando variáveis, funções matemáticas necessárias e laços de repetição dos algoritmos.', 80, '2018-02-01'),
	(10, 'Detalhar o Diag', 'Detalhar os atributos das classes e estabelecer o mapeamento do modelo de classe para o modelo relacional', 120, '2018-02-01'),
	(11, 'Determinar o Pe', 'Determinar os requisitos de configuração do servidor onde será instalado o sistema', 40, '2018-02-01'),
	(12, 'Determinar proc', 'Determinar procedimentos de instalação do SGBD e porte de dados legados de outros sistemas', 40, '2018-02-01'),
	(13, 'Instalar e exec', 'Instalar o SGBD e resalizar os procedimentos para coletar e armazenar nos Bancos de Dados os dados legados de outros sistemas que já se usavam na organização.', 40, '2018-02-01'),
	(14, 'Determinar o pr', 'Determinar o procedimentos de migração do sistema para os servidores em nuvem ou servidores remotos.', 40, '2018-02-01');
/*!40000 ALTER TABLE `tarefas` ENABLE KEYS */;

-- Copiando estrutura para tabela lbtar2.tarefasprojetos
CREATE TABLE IF NOT EXISTS `tarefasprojetos` (
  `pktarefprojeto` smallint(6) unsigned NOT NULL,
  `fkprojeto` smallint(6) unsigned NOT NULL,
  `fktarefa` smallint(6) unsigned NOT NULL,
  `qthorasenvolvidas` smallint(6) unsigned NOT NULL,
  `nuordemtarefa` tinyint(4) unsigned NOT NULL,
  `dtcadtarefaprojeto` date NOT NULL,
  PRIMARY KEY (`pktarefprojeto`),
  KEY `ifkprojeto` (`fkprojeto`),
  KEY `ifktarefa` (`fktarefa`),
  CONSTRAINT `fktarefasprojetosprojetos` FOREIGN KEY (`fkprojeto`) REFERENCES `projetos` (`pkprojeto`),
  CONSTRAINT `fktarefasprojetostarefas` FOREIGN KEY (`fktarefa`) REFERENCES `tarefas` (`pktarefa`)
) ENGINE=InnoDB DEFAULT CHARSET=utf8 COLLATE=utf8_bin COMMENT='tareproj';

-- Copiando dados para a tabela lbtar2.tarefasprojetos: ~56 rows (aproximadamente)
/*!40000 ALTER TABLE `tarefasprojetos` DISABLE KEYS */;
INSERT INTO `tarefasprojetos` (`pktarefprojeto`, `fkprojeto`, `fktarefa`, `qthorasenvolvidas`, `nuordemtarefa`, `dtcadtarefaprojeto`) VALUES
	(1, 1, 1, 10, 1, '2018-02-08'),
	(2, 1, 2, 10, 2, '2018-02-08'),
	(3, 1, 3, 10, 3, '2018-02-08'),
	(4, 1, 4, 10, 4, '2018-02-08'),
	(5, 1, 5, 10, 5, '2018-02-08'),
	(6, 1, 6, 10, 6, '2018-02-08'),
	(7, 1, 7, 10, 7, '2018-02-08'),
	(8, 1, 8, 10, 8, '2018-02-08'),
	(9, 1, 9, 10, 9, '2018-02-08'),
	(10, 1, 10, 10, 10, '2018-02-08'),
	(11, 1, 11, 10, 11, '2018-02-08'),
	(12, 1, 12, 10, 12, '2018-02-08'),
	(13, 1, 13, 10, 13, '2018-02-08'),
	(14, 1, 14, 10, 14, '2018-02-08'),
	(15, 2, 1, 10, 1, '2018-02-08'),
	(16, 2, 2, 10, 2, '2018-02-08'),
	(17, 2, 3, 10, 3, '2018-02-08'),
	(18, 2, 4, 10, 4, '2018-02-08'),
	(19, 2, 5, 10, 5, '2018-02-08'),
	(20, 2, 6, 10, 6, '2018-02-08'),
	(21, 2, 7, 10, 7, '2018-02-08'),
	(22, 2, 8, 10, 8, '2018-02-08'),
	(23, 2, 9, 10, 9, '2018-02-08'),
	(24, 2, 10, 10, 10, '2018-02-08'),
	(25, 2, 11, 10, 11, '2018-02-08'),
	(26, 2, 12, 10, 12, '2018-02-08'),
	(27, 2, 13, 10, 13, '2018-02-08'),
	(28, 2, 14, 10, 14, '2018-02-08'),
	(29, 3, 1, 10, 1, '2018-02-08'),
	(30, 3, 2, 10, 2, '2018-02-08'),
	(31, 3, 3, 10, 3, '2018-02-08'),
	(32, 3, 4, 10, 4, '2018-02-08'),
	(33, 3, 5, 10, 5, '2018-02-08'),
	(34, 3, 6, 10, 6, '2018-02-08'),
	(35, 3, 7, 10, 7, '2018-02-08'),
	(36, 3, 8, 10, 8, '2018-02-08'),
	(37, 3, 9, 10, 9, '2018-02-08'),
	(38, 3, 10, 10, 10, '2018-02-08'),
	(39, 3, 11, 10, 11, '2018-02-08'),
	(40, 3, 12, 10, 12, '2018-02-08'),
	(41, 3, 13, 10, 13, '2018-02-08'),
	(42, 3, 14, 10, 14, '2018-02-08'),
	(43, 4, 1, 10, 1, '2018-02-08'),
	(44, 4, 2, 10, 2, '2018-02-08'),
	(45, 4, 3, 10, 3, '2018-02-08'),
	(46, 4, 4, 10, 4, '2018-02-08'),
	(47, 4, 5, 10, 5, '2018-02-08'),
	(48, 4, 6, 10, 6, '2018-02-08'),
	(49, 4, 7, 10, 7, '2018-02-08'),
	(50, 4, 8, 10, 8, '2018-02-08'),
	(51, 4, 9, 10, 9, '2018-02-08'),
	(52, 4, 10, 10, 10, '2018-02-08'),
	(53, 4, 11, 10, 11, '2018-02-08'),
	(54, 4, 12, 10, 12, '2018-02-08'),
	(55, 4, 13, 10, 13, '2018-02-08'),
	(56, 4, 14, 10, 14, '2018-02-08');
/*!40000 ALTER TABLE `tarefasprojetos` ENABLE KEYS */;

-- Copiando estrutura para tabela lbtar2.telefonestipos
CREATE TABLE IF NOT EXISTS `telefonestipos` (
  `pktipotelefone` smallint(6) unsigned NOT NULL,
  `txdescricao` varchar(35) COLLATE utf8_bin NOT NULL,
  `dtcadtelefonetipo` date NOT NULL,
  PRIMARY KEY (`pktipotelefone`)
) ENGINE=InnoDB DEFAULT CHARSET=utf8 COLLATE=utf8_bin COMMENT='tptelefo';

-- Copiando dados para a tabela lbtar2.telefonestipos: ~6 rows (aproximadamente)
/*!40000 ALTER TABLE `telefonestipos` DISABLE KEYS */;
INSERT INTO `telefonestipos` (`pktipotelefone`, `txdescricao`, `dtcadtelefonetipo`) VALUES
	(1, 'Fixo residencial', '2018-02-01'),
	(2, 'Fixo empresarial', '2018-02-01'),
	(3, 'Celular pessoal', '2018-02-01'),
	(4, 'Celular empresarial', '2018-02-01'),
	(5, 'Fixo comunitário', '2018-02-01'),
	(6, 'Celular compartilhado', '2018-02-01');
/*!40000 ALTER TABLE `telefonestipos` ENABLE KEYS */;

-- Copiando estrutura para tabela lbtar2.titulacoes
CREATE TABLE IF NOT EXISTS `titulacoes` (
  `pktitulacao` smallint(6) unsigned NOT NULL,
  `fkprofessor` smallint(6) unsigned NOT NULL,
  `fktitulo` smallint(6) unsigned DEFAULT NULL,
  `dtcadtitulacao` date NOT NULL,
  PRIMARY KEY (`pktitulacao`),
  KEY `ifkprofessor` (`fkprofessor`),
  KEY `ifktitulo` (`fktitulo`),
  CONSTRAINT `fktitulacoesprofessores` FOREIGN KEY (`fkprofessor`) REFERENCES `professores` (`pkprofessor`),
  CONSTRAINT `fktitulacoestitulo` FOREIGN KEY (`fktitulo`) REFERENCES `titulos` (`pktitulo`)
) ENGINE=InnoDB DEFAULT CHARSET=utf8 COLLATE=utf8_bin COMMENT='titulaco';

-- Copiando dados para a tabela lbtar2.titulacoes: ~0 rows (aproximadamente)
/*!40000 ALTER TABLE `titulacoes` DISABLE KEYS */;
/*!40000 ALTER TABLE `titulacoes` ENABLE KEYS */;

-- Copiando estrutura para tabela lbtar2.titulos
CREATE TABLE IF NOT EXISTS `titulos` (
  `pktitulo` smallint(6) unsigned NOT NULL,
  `txnometitulo` varchar(150) COLLATE utf8_bin NOT NULL,
  `dtcadtitulo` date NOT NULL,
  PRIMARY KEY (`pktitulo`)
) ENGINE=InnoDB DEFAULT CHARSET=utf8 COLLATE=utf8_bin COMMENT='titulosx';

-- Copiando dados para a tabela lbtar2.titulos: ~7 rows (aproximadamente)
/*!40000 ALTER TABLE `titulos` DISABLE KEYS */;
INSERT INTO `titulos` (`pktitulo`, `txnometitulo`, `dtcadtitulo`) VALUES
	(1, 'Ensino fundamental I', '2018-02-01'),
	(2, 'Ensino fundamental II', '2018-02-01'),
	(3, 'Ensino médio', '2018-02-01'),
	(4, 'Ensino superior', '2018-02-01'),
	(5, 'Especialista', '2018-02-01'),
	(6, 'Mestre', '2018-02-01'),
	(7, 'Doutor', '2018-02-01');
/*!40000 ALTER TABLE `titulos` ENABLE KEYS */;

-- Copiando estrutura para tabela lbtar2.veiculos
CREATE TABLE IF NOT EXISTS `veiculos` (
  `pkveiculo` int(6) unsigned NOT NULL,
  `fktipoveiculo` smallint(6) unsigned NOT NULL,
  `fkfuncionario` smallint(6) unsigned DEFAULT NULL,
  `fkmodelo` smallint(6) unsigned DEFAULT NULL,
  `fkcor` smallint(6) unsigned DEFAULT NULL,
  `aotipo` char(1) COLLATE utf8_bin NOT NULL,
  `ukplaca` char(7) COLLATE utf8_bin NOT NULL,
  `txapelido` varchar(60) COLLATE utf8_bin DEFAULT NULL,
  `qtcapacidade` smallint(6) unsigned DEFAULT NULL,
  `aostatus` char(1) COLLATE utf8_bin DEFAULT NULL,
  `nuanofabricacao` year(4) NOT NULL,
  `dtcadveiculo` date NOT NULL,
  PRIMARY KEY (`pkveiculo`),
  UNIQUE KEY `iukplaca` (`ukplaca`),
  KEY `ifktipoveiculo` (`fktipoveiculo`),
  KEY `ifkfuncionario` (`fkfuncionario`),
  KEY `ifkmodelo` (`fkmodelo`),
  KEY `ifkcor` (`fkcor`),
  CONSTRAINT `fkveiculoscores` FOREIGN KEY (`fkcor`) REFERENCES `cores` (`pkcor`),
  CONSTRAINT `fkveiculosfuncionarios` FOREIGN KEY (`fkfuncionario`) REFERENCES `funcionarios` (`pkfuncionario`),
  CONSTRAINT `fkveiculosveiculosmodelos` FOREIGN KEY (`fkmodelo`) REFERENCES `veiculosmodelos` (`pkmodelo`),
  CONSTRAINT `fkveiculosveiculostipos` FOREIGN KEY (`fktipoveiculo`) REFERENCES `veiculostipos` (`pktipoveiculo`)
) ENGINE=InnoDB DEFAULT CHARSET=utf8 COLLATE=utf8_bin COMMENT='veiculos';

-- Copiando dados para a tabela lbtar2.veiculos: ~2 rows (aproximadamente)
/*!40000 ALTER TABLE `veiculos` DISABLE KEYS */;
INSERT INTO `veiculos` (`pkveiculo`, `fktipoveiculo`, `fkfuncionario`, `fkmodelo`, `fkcor`, `aotipo`, `ukplaca`, `txapelido`, `qtcapacidade`, `aostatus`, `nuanofabricacao`, `dtcadveiculo`) VALUES
	(122, 2, 15, NULL, NULL, '1', 'sadas', NULL, NULL, NULL, '2018', '2018-06-14'),
	(222, 10, 15, NULL, NULL, '0', 'sss', NULL, NULL, NULL, '2018', '2018-06-14');
/*!40000 ALTER TABLE `veiculos` ENABLE KEYS */;

-- Copiando estrutura para tabela lbtar2.veiculosmarcas
CREATE TABLE IF NOT EXISTS `veiculosmarcas` (
  `pkmarca` smallint(6) unsigned NOT NULL,
  `txnomemarca` varchar(90) COLLATE utf8_bin NOT NULL,
  `fkfabricante` smallint(6) unsigned NOT NULL,
  `dtcadmarca` date NOT NULL,
  PRIMARY KEY (`pkmarca`),
  KEY `ifkfabricante` (`fkfabricante`),
  CONSTRAINT `fkveiculosmarcasfabricantes` FOREIGN KEY (`fkfabricante`) REFERENCES `fabricantes` (`pkfabricante`)
) ENGINE=InnoDB DEFAULT CHARSET=utf8 COLLATE=utf8_bin;

-- Copiando dados para a tabela lbtar2.veiculosmarcas: ~0 rows (aproximadamente)
/*!40000 ALTER TABLE `veiculosmarcas` DISABLE KEYS */;
/*!40000 ALTER TABLE `veiculosmarcas` ENABLE KEYS */;

-- Copiando estrutura para tabela lbtar2.veiculosmodelos
CREATE TABLE IF NOT EXISTS `veiculosmodelos` (
  `pkmodelo` smallint(6) unsigned NOT NULL,
  `fkmarca` smallint(6) unsigned DEFAULT NULL,
  `txdescricaomodelo` varchar(250) COLLATE utf8_bin NOT NULL,
  `aotipocombustivel` char(1) COLLATE utf8_bin NOT NULL,
  `dtcadmodelo` date NOT NULL,
  PRIMARY KEY (`pkmodelo`),
  KEY `ifkmarca` (`fkmarca`),
  CONSTRAINT `fkveiculosmodelosmarcas` FOREIGN KEY (`fkmarca`) REFERENCES `veiculosmarcas` (`pkmarca`)
) ENGINE=InnoDB DEFAULT CHARSET=utf8 COLLATE=utf8_bin;

-- Copiando dados para a tabela lbtar2.veiculosmodelos: ~1 rows (aproximadamente)
/*!40000 ALTER TABLE `veiculosmodelos` DISABLE KEYS */;
INSERT INTO `veiculosmodelos` (`pkmodelo`, `fkmarca`, `txdescricaomodelo`, `aotipocombustivel`, `dtcadmodelo`) VALUES
	(1, NULL, 'busap', '1', '2018-06-14');
/*!40000 ALTER TABLE `veiculosmodelos` ENABLE KEYS */;

-- Copiando estrutura para tabela lbtar2.veiculostipos
CREATE TABLE IF NOT EXISTS `veiculostipos` (
  `pktipoveiculo` smallint(6) unsigned NOT NULL,
  `txdescricao` varchar(250) COLLATE utf8_bin NOT NULL,
  `dtcadveiculotipo` date NOT NULL,
  PRIMARY KEY (`pktipoveiculo`)
) ENGINE=InnoDB DEFAULT CHARSET=utf8 COLLATE=utf8_bin;

-- Copiando dados para a tabela lbtar2.veiculostipos: ~11 rows (aproximadamente)
/*!40000 ALTER TABLE `veiculostipos` DISABLE KEYS */;
INSERT INTO `veiculostipos` (`pktipoveiculo`, `txdescricao`, `dtcadveiculotipo`) VALUES
	(1, 'Aquático movido à vela', '2018-02-01'),
	(2, 'Aquático movido à motor diesel', '2018-02-01'),
	(3, 'Aquático movido à motor de gasolina', '2018-02-01'),
	(4, 'Aquático movido à motor elétrico', '2018-02-01'),
	(5, 'Terrestre movido à motor diesel', '2018-02-01'),
	(6, 'Terrestre movido à motor de gasolina', '2018-02-01'),
	(7, 'Terrestre movido à motor elétrico', '2018-02-01'),
	(8, 'Aéreo movido à motor diesel', '2018-02-01'),
	(9, 'Aéreo movido à motor de gasolina', '2018-02-01'),
	(10, 'Aéreo movido à jato', '2018-02-01'),
	(11, 'Aéreo movido à motor de querosene', '2018-02-01');
/*!40000 ALTER TABLE `veiculostipos` ENABLE KEYS */;

-- Copiando estrutura para tabela lbtar2.viagens
CREATE TABLE IF NOT EXISTS `viagens` (
  `pkviagem` smallint(6) unsigned NOT NULL,
  `fkonibus` smallint(6) unsigned DEFAULT NULL,
  `fkrota` mediumint(9) unsigned DEFAULT NULL,
  `dtviagem` date NOT NULL,
  `hrsaida` time NOT NULL,
  `dtcadviagem` date NOT NULL,
  PRIMARY KEY (`pkviagem`),
  KEY `ifkrota` (`fkrota`),
  KEY `ifkonibus` (`fkonibus`),
  CONSTRAINT `fkviagensonibus` FOREIGN KEY (`fkonibus`) REFERENCES `onibus` (`pkonibus`),
  CONSTRAINT `fkviagensrota` FOREIGN KEY (`fkrota`) REFERENCES `rotasviarias` (`pkrota`)
) ENGINE=InnoDB DEFAULT CHARSET=utf8 COLLATE=utf8_bin COMMENT='viagensx';

-- Copiando dados para a tabela lbtar2.viagens: ~0 rows (aproximadamente)
/*!40000 ALTER TABLE `viagens` DISABLE KEYS */;
/*!40000 ALTER TABLE `viagens` ENABLE KEYS */;

-- Copiando estrutura para trigger lbtar2.autoresBI
SET @OLDTMP_SQL_MODE=@@SQL_MODE, SQL_MODE='NO_AUTO_CREATE_USER,NO_ENGINE_SUBSTITUTION';
DELIMITER //
CREATE TRIGGER `autoresBI` BEFORE INSERT ON `autores` FOR EACH ROW BEGIN
 SELECT COUNT(pkautor) INTO @C1 FROM autores;
 IF (@C1=0)
 THEN
  SET NEW.pkautor=5;
  ELSE
  	SET NEW.pkautor=(SELECT (max(autores.pkautor)+5) FROM autores);
  	END IF;
END//
DELIMITER ;
SET SQL_MODE=@OLDTMP_SQL_MODE;

-- Copiando estrutura para trigger lbtar2.bibliografiaBI
SET @OLDTMP_SQL_MODE=@@SQL_MODE, SQL_MODE='NO_AUTO_CREATE_USER,NO_ENGINE_SUBSTITUTION';
DELIMITER //
CREATE TRIGGER `bibliografiaBI` BEFORE INSERT ON `bibliografia` FOR EACH ROW BEGIN
 SELECT (qtexemplaresacervo+qtacervo+qtexemplaresconsulta) INTO @qtexemplares FROM livros WHERE pklivro=NEW.fklivro;
 IF (@qtexemplares < 30 AND NEW.aotipo='B')
 THEN
 	SET NEW.fklivro=null;
 	SET NEW.fkdisciplina=NULL;
 	END IF;
END//
DELIMITER ;
SET SQL_MODE=@OLDTMP_SQL_MODE;

-- Copiando estrutura para trigger lbtar2.medicosBI
SET @OLDTMP_SQL_MODE=@@SQL_MODE, SQL_MODE='NO_AUTO_CREATE_USER,NO_ENGINE_SUBSTITUTION';
DELIMITER //
CREATE TRIGGER `medicosBI` BEFORE INSERT ON `medicos` FOR EACH ROW BEGIN
SELECT max(medicas.pkmedico) INTO @C1 FROM medicos;
IF (@C1 IS NULL)
THEN 
	SET NEW.pkmedico=5;
	ELSE
		SET NEW.pkmedico=@C1+5;
	END IF;
END//
DELIMITER ;
SET SQL_MODE=@OLDTMP_SQL_MODE;

-- Copiando estrutura para trigger lbtar2.passagensBI
SET @OLDTMP_SQL_MODE=@@SQL_MODE, SQL_MODE='STRICT_TRANS_TABLES,NO_AUTO_CREATE_USER,NO_ENGINE_SUBSTITUTION';
DELIMITER //
CREATE TRIGGER `passagensBI` BEFORE INSERT ON `passagens` FOR EACH ROW BEGIN
	SELECT (onibus.qtcapacidade - count(passagens.pkpassagem)) INTO @quantidade FROM passagens, onibus WHERE passagens.fkonibus = onibus.pkonibus AND passagens.fkonibus = NEW.pkpassagem ;
	IF (@quantidade <= 0)
	THEN
		UPDATE passagens SET passagens.pkpassagem = NULL;
	END IF;
END//
DELIMITER ;
SET SQL_MODE=@OLDTMP_SQL_MODE;

-- Copiando estrutura para trigger lbtar2.segurosBI
SET @OLDTMP_SQL_MODE=@@SQL_MODE, SQL_MODE='STRICT_TRANS_TABLES,NO_AUTO_CREATE_USER,NO_ENGINE_SUBSTITUTION';
DELIMITER //
CREATE TRIGGER `segurosBI` BEFORE INSERT ON `seguros` FOR EACH ROW BEGIN
	select count(seguros.fkcarro) into @qnt
		from seguros
		where TO_DAYS(seguros.dtlimitecobertura)>= TO_DAYS(NOW())
		and
			seguros.fkcarro=new.fkcarro;
			if(@qnt>0)
			then
			set new.pknumeroapolice=null;
			else
			set new.pknumeroapolice=new.pknumeroapolice;
			end if;
END//
DELIMITER ;
SET SQL_MODE=@OLDTMP_SQL_MODE;

-- Copiando estrutura para view lbtar2.carros
-- Removendo tabela temporária e criando a estrutura VIEW final
DROP TABLE IF EXISTS `carros`;
CREATE ALGORITHM=UNDEFINED DEFINER=`root`@`localhost` SQL SECURITY DEFINER VIEW `carros` AS select `veiculos`.`pkveiculo` AS `pkcarro`,`veiculos`.`ukplaca` AS `ukplaca`,`veiculos`.`fkfuncionario` AS `fkfuncionario`,`veiculos`.`fkcor` AS `fkcor`,`veiculos`.`aostatus` AS `aostatus`,`veiculos`.`dtcadveiculo` AS `dtcadcarro` from `veiculos` where (`veiculos`.`aotipo` = 'C');

-- Copiando estrutura para view lbtar2.faturas
-- Removendo tabela temporária e criando a estrutura VIEW final
DROP TABLE IF EXISTS `faturas`;
CREATE ALGORITHM=UNDEFINED DEFINER=`root`@`localhost` SQL SECURITY DEFINER VIEW `faturas` AS select `faturascompras`.`pkfatura` AS `pkfatura`,`faturascompras`.`fknotafiscal` AS `fknotafiscal`,`faturascompras`.`dtvencimento` AS `dtvencimento`,`faturascompras`.`vlfatura` AS `vlfatura`,`faturascompras`.`vldesconto` AS `vldesconto`,`faturascompras`.`vlliquido` AS `vlliquido`,`faturascompras`.`vlmulta` AS `vlmulta`,`faturascompras`.`vljuros` AS `vljuros`,`faturascompras`.`dtcriacaofatura` AS `dtcriacaofatura`,`faturascompras`.`dtcadfatura` AS `dtcadfatura`,'C' AS `aotipo` from `faturascompras` union (select `faturasvendas`.`pkfatura` AS `pkfatura`,`faturasvendas`.`fknotafiscal` AS `fknotafiscal`,`faturasvendas`.`dtvencimento` AS `dtvencimento`,`faturasvendas`.`vlfatura` AS `vlfatura`,`faturasvendas`.`vldesconto` AS `vldesconto`,`faturasvendas`.`vlliquido` AS `vlliquido`,`faturasvendas`.`vlmulta` AS `vlmulta`,`faturasvendas`.`vljuros` AS `vljuros`,`faturasvendas`.`dtcriacaofatura` AS `dtcriacaofatura`,`faturasvendas`.`dtcadfatura` AS `dtcadfatura`,'V' AS `aotipo` from `faturasvendas`);

-- Copiando estrutura para view lbtar2.onibus
-- Removendo tabela temporária e criando a estrutura VIEW final
DROP TABLE IF EXISTS `onibus`;
CREATE ALGORITHM=UNDEFINED DEFINER=`root`@`localhost` SQL SECURITY DEFINER VIEW `onibus` AS select `veiculos`.`pkveiculo` AS `pkonibus`,`veiculos`.`ukplaca` AS `ukplaca`,`veiculos`.`txapelido` AS `txapelido`,`veiculos`.`fkcor` AS `fkcor`,`veiculos`.`fkmodelo` AS `fkmodelo`,`veiculos`.`qtcapacidade` AS `qtcapacidade`,`veiculos`.`nuanofabricacao` AS `nuanofabricacao`,`veiculos`.`dtcadveiculo` AS `dtcadonibus` from `veiculos` where (`veiculos`.`aotipo` = 'O');

/*!40101 SET SQL_MODE=IFNULL(@OLD_SQL_MODE, '') */;
/*!40014 SET FOREIGN_KEY_CHECKS=IF(@OLD_FOREIGN_KEY_CHECKS IS NULL, 1, @OLD_FOREIGN_KEY_CHECKS) */;
/*!40101 SET CHARACTER_SET_CLIENT=@OLD_CHARACTER_SET_CLIENT */;
